input/s2f/trainA/2014-06-22 05:13:48.jpg,input/s2f/trainB/resiz0000.jpg
input/s2f/trainA/2009-12-06 06:58:39.jpg,input/s2f/trainB/resiz0001.jpg
input/s2f/trainA/2009-12-24 12:09:12.jpg,input/s2f/trainB/resiz0002.jpg
input/s2f/trainA/2010-02-21 16:52:39.jpg,input/s2f/trainB/resiz0003.jpg
input/s2f/trainA/2010-07-03 22:53:07.jpg,input/s2f/trainB/resiz0004.jpg
input/s2f/trainA/2010-07-13 22:34:03.jpg,input/s2f/trainB/resiz0005.jpg
input/s2f/trainA/2010-08-07 10:18:22.jpg,input/s2f/trainB/resiz0006.jpg
input/s2f/trainA/2010-08-10 00:15:25.jpg,input/s2f/trainB/resiz0007.jpg
input/s2f/trainA/2010-08-24 17:43:18.jpg,input/s2f/trainB/resiz0008.jpg
input/s2f/trainA/2010-09-02 18:48:52.jpg,input/s2f/trainB/resiz0009.jpg
input/s2f/trainA/2010-09-09 11:41:45.jpg,input/s2f/trainB/resiz0010.jpg
input/s2f/trainA/2010-09-11 03:15:45.jpg,input/s2f/trainB/resiz0011.jpg
input/s2f/trainA/2010-09-17 14:59:04.jpg,input/s2f/trainB/resiz0012.jpg
input/s2f/trainA/2010-09-21 06:41:59.jpg,input/s2f/trainB/resiz0013.jpg
input/s2f/trainA/2010-10-09 15:56:24.jpg,input/s2f/trainB/resiz0014.jpg
input/s2f/trainA/2010-11-08 17:33:13.jpg,input/s2f/trainB/resiz0015.jpg
input/s2f/trainA/2011-01-19 14:17:29.jpg,input/s2f/trainB/resiz0016.jpg
input/s2f/trainA/2011-01-23 00:06:43.jpg,input/s2f/trainB/resized022.jpg
input/s2f/trainA/2011-02-15 14:41:35.jpg,input/s2f/trainB/resized030.jpg
input/s2f/trainA/2011-02-28 14:43:59.jpg,input/s2f/trainB/resized031.jpg
input/s2f/trainA/2011-04-11 12:59:33.jpg,input/s2f/trainB/resized0310.jpg
input/s2f/trainA/2011-05-04 08:59:56.jpg,input/s2f/trainB/resized0312.jpg
input/s2f/trainA/2011-05-15 10:58:57.jpg,input/s2f/trainB/resized0351.jpg
input/s2f/trainA/2011-05-15 18:05:22.jpg,input/s2f/trainB/resized0352.jpg
input/s2f/trainA/2011-05-17 01:22:15.jpg,input/s2f/trainB/resized0353.jpg
input/s2f/trainA/2011-05-17 15:09:34.jpg,input/s2f/trainB/resized0354.jpg
input/s2f/trainA/2011-05-19 11:26:37.jpg,input/s2f/trainB/resized0359.jpg
input/s2f/trainA/2011-05-19 17:27:18.jpg,input/s2f/trainB/resized0362.jpg
input/s2f/trainA/2011-05-21 00:00:03.jpg,input/s2f/trainB/resized0364.jpg
input/s2f/trainA/2011-05-21 09:22:37.jpg,input/s2f/trainB/resized0538.jpg
input/s2f/trainA/2011-05-21 13:16:46.jpg,input/s2f/trainB/resized0542.jpg
input/s2f/trainA/2014-11-05 14:30:02.jpg,input/s2f/trainB/resiz0017.jpg
input/s2f/trainA/2014-11-06 10:00:03.jpg,input/s2f/trainB/resiz0035.jpg
input/s2f/trainA/2014-11-17 06:49:53.jpg,input/s2f/trainB/resiz0053.jpg
input/s2f/trainA/2014-11-30 13:40:15.jpg,input/s2f/trainB/resiz0071.jpg
input/s2f/trainA/2015-01-02 16:38:48.jpg,input/s2f/trainB/resiz0089.jpg
input/s2f/trainA/2015-01-10 09:54:03.jpg,input/s2f/trainB/resiz0107.jpg
input/s2f/trainA/2015-02-15 11:47:24.jpg,input/s2f/trainB/resiz0125.jpg
input/s2f/trainA/2015-02-28 15:38:54.jpg,input/s2f/trainB/resiz0143.jpg
input/s2f/trainA/2015-04-09 07:49:25.jpg,input/s2f/trainB/resiz0161.jpg
input/s2f/trainA/2015-05-11 21:41:58.jpg,input/s2f/trainB/resiz0179.jpg
input/s2f/trainA/2015-05-15 18:26:45.jpg,input/s2f/trainB/resize%3d-233.jpg
input/s2f/trainA/2015-05-17 16:13:55.jpg,input/s2f/trainB/resize0000001.jpg
input/s2f/trainA/2015-05-19 03:34:36.jpg,input/s2f/trainB/resize00000025.jpg
input/s2f/trainA/2015-05-20 19:06:09.jpg,input/s2f/trainB/resize00000040.jpg
input/s2f/trainA/2015-05-21 20:25:43.jpg,input/s2f/trainB/resize00000056.jpg
input/s2f/trainA/2012-10-15 00:46:37.jpg,input/s2f/trainB/resize00000071.jpg
input/s2f/trainA/2012-12-01 04:47:08.jpg,input/s2f/trainB/resize0000009.jpg
input/s2f/trainA/2012-12-18 08:06:06.jpg,input/s2f/trainB/resize0000024.jpg
input/s2f/trainA/2012-12-18 22:15:55.jpg,input/s2f/trainB/resize000010.jpg
input/s2f/trainA/2012-12-24 13:06:53.jpg,input/s2f/trainB/resize000026.jpg
input/s2f/trainA/2013-01-05 03:00:52.jpg,input/s2f/trainB/resize000045.jpg
input/s2f/trainA/2013-01-21 10:49:37.jpg,input/s2f/trainB/resize000065.jpg
input/s2f/trainA/2013-02-03 03:04:52.jpg,input/s2f/trainB/resize00010.jpg
input/s2f/trainA/2013-03-09 11:55:45.jpg,input/s2f/trainB/resize00012.jpg
input/s2f/trainA/2013-03-17 19:48:03.jpg,input/s2f/trainB/resized349.jpg
input/s2f/trainA/2013-05-15 08:10:03.jpg,input/s2f/trainB/resized350.jpg
input/s2f/trainA/2013-05-15 14:24:42.jpg,input/s2f/trainB/resized351.jpg
input/s2f/trainA/2013-05-15 17:50:48.jpg,input/s2f/trainB/resized352.jpg
input/s2f/trainA/2013-05-15 18:32:36.jpg,input/s2f/trainB/resized353.jpg
input/s2f/trainA/2013-05-16 18:12:46.jpg,input/s2f/trainB/resized354.jpg
input/s2f/trainA/2013-05-17 16:33:43.jpg,input/s2f/trainB/resized217.jpg
input/s2f/trainA/2014-05-13 21:38:13.jpg,input/s2f/trainB/resized218.jpg
input/s2f/trainA/2014-05-17 08:41:03.jpg,input/s2f/trainB/resized221.jpg
input/s2f/trainA/2014-05-17 19:04:23.jpg,input/s2f/trainB/resized225.jpg
input/s2f/trainA/2014-05-19 03:02:45.jpg,input/s2f/trainB/resized226.jpg
input/s2f/trainA/2014-05-25 08:27:07.jpg,input/s2f/trainB/resized228.jpg
input/s2f/trainA/2014-05-25 19:20:18.jpg,input/s2f/trainB/resized202.jpg
input/s2f/trainA/2014-05-26 00:07:22.jpg,input/s2f/trainB/resized207.jpg
input/s2f/trainA/2014-05-26 10:30:36.jpg,input/s2f/trainB/resized176.jpg
input/s2f/trainA/2014-05-26 15:49:38.jpg,input/s2f/trainB/resized177.jpg
input/s2f/trainA/2014-05-28 20:44:39.jpg,input/s2f/trainB/resized178.jpg
input/s2f/trainA/2014-05-29 22:50:45.jpg,input/s2f/trainB/resized179.jpg
input/s2f/trainA/2014-05-31 14:18:03.jpg,input/s2f/trainB/resized182.jpg
input/s2f/trainA/2014-06-01 11:38:24.jpg,input/s2f/trainB/resized192.jpg
input/s2f/trainA/2014-06-05 13:29:38.jpg,input/s2f/trainB/resized158.jpg
input/s2f/trainA/2014-06-06 14:33:49.jpg,input/s2f/trainB/resized159.jpg
input/s2f/trainA/2014-06-07 02:12:44.jpg,input/s2f/trainB/resized160.jpg
input/s2f/trainA/2014-06-08 19:30:06.jpg,input/s2f/trainB/resized161.jpg
input/s2f/trainA/2014-06-09 19:04:14.jpg,input/s2f/trainB/resized163.jpg
input/s2f/trainA/2014-06-10 09:11:47.jpg,input/s2f/trainB/resized164.jpg
input/s2f/trainA/2014-06-10 22:06:03.jpg,input/s2f/trainB/resized165.jpg
input/s2f/trainA/2014-06-11 18:48:02.jpg,input/s2f/trainB/resized166.jpg
input/s2f/trainA/2014-06-12 23:24:26.jpg,input/s2f/trainB/resized167.jpg
input/s2f/trainA/2014-06-13 11:33:39.jpg,input/s2f/trainB/resized168.jpg
input/s2f/trainA/2014-06-13 22:42:07.jpg,input/s2f/trainB/resized169.jpg
input/s2f/trainA/2014-06-15 18:37:36.jpg,input/s2f/trainB/resized170.jpg
input/s2f/trainA/2014-06-16 16:21:55.jpg,input/s2f/trainB/resized171.jpg
input/s2f/trainA/2014-06-16 20:08:44.jpg,input/s2f/trainB/resized172.jpg
input/s2f/trainA/2014-06-19 17:34:38.jpg,input/s2f/trainB/resized173.jpg
input/s2f/trainA/2014-06-19 20:24:55.jpg,input/s2f/trainB/resized174.jpg
input/s2f/trainA/2014-06-19 22:33:37.jpg,input/s2f/trainB/resized140.jpg
input/s2f/trainA/2014-06-21 19:32:04.jpg,input/s2f/trainB/resized141.jpg
input/s2f/trainA/2011-05-22 14:56:17.jpg,input/s2f/trainB/resized142.jpg
input/s2f/trainA/2011-06-03 15:23:45.jpg,input/s2f/trainB/resized143.jpg
input/s2f/trainA/2011-06-14 14:27:43.jpg,input/s2f/trainB/resized144.jpg
input/s2f/trainA/2011-06-22 13:17:18.jpg,input/s2f/trainB/resized145.jpg
input/s2f/trainA/2011-07-01 16:47:13.jpg,input/s2f/trainB/resized146.jpg
input/s2f/trainA/2011-07-12 19:20:05.jpg,input/s2f/trainB/resized147.jpg
input/s2f/trainA/2011-08-12 06:11:52.jpg,input/s2f/trainB/resized148.jpg
input/s2f/trainA/2011-08-23 04:48:29.jpg,input/s2f/trainB/resized149.jpg
input/s2f/trainA/2011-09-08 18:41:19.jpg,input/s2f/trainB/resized150.jpg
input/s2f/trainA/2011-11-28 18:28:49.jpg,input/s2f/trainB/resized151.jpg
input/s2f/trainA/2012-05-29 17:10:28.jpg,input/s2f/trainB/resized152.jpg
input/s2f/trainA/2012-06-11 14:00:34.jpg,input/s2f/trainB/resized154.jpg
input/s2f/trainA/2012-06-20 20:35:38.jpg,input/s2f/trainB/resized155.jpg
input/s2f/trainA/2012-07-04 13:35:33.jpg,input/s2f/trainB/resized156.jpg
input/s2f/trainA/2012-07-17 16:29:35.jpg,input/s2f/trainB/resized122.jpg
input/s2f/trainA/2012-08-06 16:35:59.jpg,input/s2f/trainB/resized123.jpg
input/s2f/trainA/2012-08-25 10:10:43.jpg,input/s2f/trainB/resized124.jpg
input/s2f/trainA/2012-10-13 09:52:13.jpg,input/s2f/trainB/resized125.jpg
input/s2f/trainA/2013-05-18 04:38:17.jpg,input/s2f/trainB/resized126.jpg
input/s2f/trainA/2013-06-06 20:08:08.jpg,input/s2f/trainB/resized127.jpg
input/s2f/trainA/2013-06-23 20:02:36.jpg,input/s2f/trainB/resized128.jpg
input/s2f/trainA/2013-07-04 10:15:56.jpg,input/s2f/trainB/resized129.jpg
input/s2f/trainA/2013-07-17 19:41:55.jpg,input/s2f/trainB/resized130.jpg
input/s2f/trainA/2013-07-30 01:34:48.jpg,input/s2f/trainB/resized131.jpg
input/s2f/trainA/2013-08-12 08:52:04.jpg,input/s2f/trainB/resized132.jpg
input/s2f/trainA/2013-08-18 18:56:23.jpg,input/s2f/trainB/resized133.jpg
input/s2f/trainA/2013-09-09 03:43:43.jpg,input/s2f/trainB/resized134.jpg
input/s2f/trainA/2014-05-13 02:35:47.jpg,input/s2f/trainB/resized135.jpg
input/s2f/trainA/2016-05-28 04:45:36.jpg,input/s2f/trainB/resized136.jpg
input/s2f/trainA/2016-05-28 13:29:34.jpg,input/s2f/trainB/resized137.jpg
input/s2f/trainA/2016-05-29 05:11:04.jpg,input/s2f/trainB/resized138.jpg
input/s2f/trainA/2016-05-29 15:01:08.jpg,input/s2f/trainB/resized105.jpg
input/s2f/trainA/2016-05-29 18:32:55.jpg,input/s2f/trainB/resized106.jpg
input/s2f/trainA/2016-05-30 19:54:38.jpg,input/s2f/trainB/resized107.jpg
input/s2f/trainA/2016-05-31 21:58:23.jpg,input/s2f/trainB/resized108.jpg
input/s2f/trainA/2016-06-01 22:16:13.jpg,input/s2f/trainB/resized109.jpg
input/s2f/trainA/2016-06-02 11:08:27.jpg,input/s2f/trainB/resized110.jpg
input/s2f/trainA/2016-06-02 19:55:42.jpg,input/s2f/trainB/resized111.jpg
input/s2f/trainA/2016-06-03 04:02:17.jpg,input/s2f/trainB/resized112.jpg
input/s2f/trainA/2016-06-03 20:02:48.jpg,input/s2f/trainB/resized113.jpg
input/s2f/trainA/2016-06-04 10:51:27.jpg,input/s2f/trainB/resized114.jpg
input/s2f/trainA/2016-06-04 18:22:33.jpg,input/s2f/trainB/resized117.jpg
input/s2f/trainA/2016-06-04 19:56:58.jpg,input/s2f/trainB/resized118.jpg
input/s2f/trainA/2016-06-06 19:18:18.jpg,input/s2f/trainB/resized119.jpg
input/s2f/trainA/2016-06-07 22:56:48.jpg,input/s2f/trainB/resized120.jpg
input/s2f/trainA/2016-06-08 20:27:07.jpg,input/s2f/trainB/resized230.jpg
input/s2f/trainA/2016-06-10 05:23:33.jpg,input/s2f/trainB/resized231.jpg
input/s2f/trainA/2016-06-11 06:46:54.jpg,input/s2f/trainB/resized232.jpg
input/s2f/trainA/2016-06-11 14:53:14.jpg,input/s2f/trainB/resized234.jpg
input/s2f/trainA/2016-06-11 19:02:37.jpg,input/s2f/trainB/resized236.jpg
input/s2f/trainA/2016-06-12 07:39:02.jpg,input/s2f/trainB/resized240.jpg
input/s2f/trainA/2011-08-12 10:38:42.jpg,input/s2f/trainB/resized242.jpg
input/s2f/trainA/2011-08-12 15:25:57.jpg,input/s2f/trainB/resized243.jpg
input/s2f/trainA/2011-08-12 18:57:04.jpg,input/s2f/trainB/resized246.jpg
input/s2f/trainA/2011-08-12 22:20:33.jpg,input/s2f/trainB/resized253.jpg
input/s2f/trainA/2011-08-13 11:40:06.jpg,input/s2f/trainB/resized254.jpg
input/s2f/trainA/2011-08-14 01:24:02.jpg,input/s2f/trainB/resized255.jpg
input/s2f/trainA/2011-08-14 18:01:53.jpg,input/s2f/trainB/resized256.jpg
input/s2f/trainA/2011-08-15 15:45:39.jpg,input/s2f/trainB/resized257.jpg
input/s2f/trainA/2011-08-17 10:39:42.jpg,input/s2f/trainB/resized258.jpg
input/s2f/trainA/2011-08-17 13:02:13.jpg,input/s2f/trainB/resized259.jpg
input/s2f/trainA/2011-08-18 21:52:09.jpg,input/s2f/trainB/resized261.jpg
input/s2f/trainA/2011-08-19 05:51:16.jpg,input/s2f/trainB/resized262.jpg
input/s2f/trainA/2011-08-19 10:33:38.jpg,input/s2f/trainB/resized263.jpg
input/s2f/trainA/2011-08-19 11:40:32.jpg,input/s2f/trainB/resized264.jpg
input/s2f/trainA/2011-08-20 13:09:55.jpg,input/s2f/trainB/resized265.jpg
input/s2f/trainA/2011-08-22 08:32:37.jpg,input/s2f/trainB/resized266.jpg
input/s2f/trainA/2011-08-22 17:53:16.jpg,input/s2f/trainB/resized267.jpg
input/s2f/trainA/2014-07-15 18:31:18.jpg,input/s2f/trainB/resized268.jpg
input/s2f/trainA/2014-07-16 23:53:07.jpg,input/s2f/trainB/resized270.jpg
input/s2f/trainA/2014-07-17 21:34:08.jpg,input/s2f/trainB/resized271.jpg
input/s2f/trainA/2014-07-19 10:15:07.jpg,input/s2f/trainB/resized272.jpg
input/s2f/trainA/2014-07-20 20:12:39.jpg,input/s2f/trainB/resized273.jpg
input/s2f/trainA/2014-07-22 03:16:24.jpg,input/s2f/trainB/resized274.jpg
input/s2f/trainA/2014-07-22 08:48:36.jpg,input/s2f/trainB/resized275.jpg
input/s2f/trainA/2014-07-25 23:34:07.jpg,input/s2f/trainB/resized276.jpg
input/s2f/trainA/2014-07-26 12:59:48.jpg,input/s2f/trainB/resized278.jpg
input/s2f/trainA/2014-07-26 18:44:44.jpg,input/s2f/trainB/resized279.jpg
input/s2f/trainA/2014-07-26 19:45:59.jpg,input/s2f/trainB/resized284.jpg
input/s2f/trainA/2014-07-26 23:22:25.jpg,input/s2f/trainB/resized286.jpg
input/s2f/trainA/2014-07-27 21:50:52.jpg,input/s2f/trainB/resized289.jpg
input/s2f/trainA/2014-07-29 22:35:43.jpg,input/s2f/trainB/resized290.jpg
input/s2f/trainA/2014-07-30 12:19:17.jpg,input/s2f/trainB/resized291.jpg
input/s2f/trainA/2014-07-30 22:20:53.jpg,input/s2f/trainB/resized292.jpg
input/s2f/trainA/2014-07-31 15:30:42.jpg,input/s2f/trainB/resized296.jpg
input/s2f/trainA/2014-07-31 21:00:39.jpg,input/s2f/trainB/resized297.jpg
input/s2f/trainA/2014-07-31 22:54:37.jpg,input/s2f/trainB/resized298.jpg
input/s2f/trainA/2014-08-01 16:35:05.jpg,input/s2f/trainB/resized361.jpg
input/s2f/trainA/2014-08-01 18:31:55.jpg,input/s2f/trainB/resized363.jpg
input/s2f/trainA/2014-08-01 19:17:15.jpg,input/s2f/trainB/resized364.jpg
input/s2f/trainA/2014-08-03 15:50:04.jpg,input/s2f/trainB/resized368.jpg
input/s2f/trainA/2014-08-04 17:16:12.jpg,input/s2f/trainB/resized372.jpg
input/s2f/trainA/2014-08-06 10:17:18.jpg,input/s2f/trainB/resized378.jpg
input/s2f/trainA/2014-08-07 23:36:25.jpg,input/s2f/trainB/resized380.jpg
input/s2f/trainA/2011-06-14 23:07:23.jpg,input/s2f/trainB/resized381.jpg
input/s2f/trainA/2011-06-15 21:18:44.jpg,input/s2f/trainB/resized386.jpg
input/s2f/trainA/2011-06-15 21:28:02.jpg,input/s2f/trainB/resized032.jpg
input/s2f/trainA/2011-06-15 22:42:27.jpg,input/s2f/trainB/resized0325.jpg
input/s2f/trainA/2011-06-16 01:14:07.jpg,input/s2f/trainB/resized0328.jpg
input/s2f/trainA/2011-06-16 10:36:17.jpg,input/s2f/trainB/resized0329.jpg
input/s2f/trainA/2011-06-16 13:40:07.jpg,input/s2f/trainB/resized0332.jpg
input/s2f/trainA/2011-06-16 17:40:39.jpg,input/s2f/trainB/resized0333.jpg
input/s2f/trainA/2011-06-17 06:31:03.jpg,input/s2f/trainB/resized0338.jpg
input/s2f/trainA/2011-06-18 10:53:48.jpg,input/s2f/trainB/resized034.jpg
input/s2f/trainA/2011-06-18 11:25:48.jpg,input/s2f/trainB/resized0342.jpg
input/s2f/trainA/2011-06-18 14:29:28.jpg,input/s2f/trainB/resized0344.jpg
input/s2f/trainA/2011-06-18 19:29:15.jpg,input/s2f/trainB/resized0347.jpg
input/s2f/trainA/2011-06-18 20:34:43.jpg,input/s2f/trainB/resized0348.jpg
input/s2f/trainA/2011-06-19 00:47:35.jpg,input/s2f/trainB/resized0349.jpg
input/s2f/trainA/2013-07-30 08:14:38.jpg,input/s2f/trainB/resized0378.jpg
input/s2f/trainA/2013-07-30 15:39:56.jpg,input/s2f/trainB/resiz0018.jpg
input/s2f/trainA/2013-07-31 16:08:05.jpg,input/s2f/trainB/resiz0019.jpg
input/s2f/trainA/2013-07-31 18:38:06.jpg,input/s2f/trainB/resiz0020.jpg
input/s2f/trainA/2013-07-31 21:08:47.jpg,input/s2f/trainB/resiz0021.jpg
input/s2f/trainA/2013-08-02 09:18:58.jpg,input/s2f/trainB/resiz0022.jpg
input/s2f/trainA/2013-08-02 10:39:27.jpg,input/s2f/trainB/resiz0023.jpg
input/s2f/trainA/2013-08-02 10:45:24.jpg,input/s2f/trainB/resiz0024.jpg
input/s2f/trainA/2013-08-02 12:43:14.jpg,input/s2f/trainB/resiz0025.jpg
input/s2f/trainA/2013-08-03 01:14:53.jpg,input/s2f/trainB/resiz0026.jpg
input/s2f/trainA/2013-08-03 14:02:23.jpg,input/s2f/trainB/resiz0027.jpg
input/s2f/trainA/2013-08-03 14:48:15.jpg,input/s2f/trainB/resiz0028.jpg
input/s2f/trainA/2013-08-05 18:28:34.jpg,input/s2f/trainB/resiz0029.jpg
input/s2f/trainA/2013-08-05 19:48:23.jpg,input/s2f/trainB/resiz0030.jpg
input/s2f/trainA/2013-08-06 13:31:24.jpg,input/s2f/trainB/resiz0031.jpg
input/s2f/trainA/2013-08-06 18:52:22.jpg,input/s2f/trainB/resiz0032.jpg
input/s2f/trainA/2013-08-06 22:22:17.jpg,input/s2f/trainB/resiz0033.jpg
input/s2f/trainA/2013-08-07 12:34:48.jpg,input/s2f/trainB/resiz0034.jpg
input/s2f/trainA/2013-08-07 17:58:46.jpg,input/s2f/trainB/resized0406.jpg
input/s2f/trainA/2013-08-07 19:58:18.jpg,input/s2f/trainB/resized0414.jpg
input/s2f/trainA/2013-08-07 20:15:47.jpg,input/s2f/trainB/resized0420.jpg
input/s2f/trainA/2013-08-09 06:07:54.jpg,input/s2f/trainB/resized0421.jpg
input/s2f/trainA/2013-08-09 19:32:58.jpg,input/s2f/trainB/resized0423.jpg
input/s2f/trainA/2013-08-10 08:47:05.jpg,input/s2f/trainB/resized0424.jpg
input/s2f/trainA/2013-08-10 15:55:43.jpg,input/s2f/trainB/resized0426.jpg
input/s2f/trainA/2013-08-11 04:45:34.jpg,input/s2f/trainB/resized0427.jpg
input/s2f/trainA/2013-08-12 00:09:52.jpg,input/s2f/trainB/resized0428.jpg
input/s2f/trainA/2016-06-24 07:39:35.jpg,input/s2f/trainB/resized0429.jpg
input/s2f/trainA/2016-06-24 19:55:23.jpg,input/s2f/trainB/resized0430.jpg
input/s2f/trainA/2016-06-24 23:31:02.jpg,input/s2f/trainB/resized0432.jpg
input/s2f/trainA/2016-06-25 09:28:15.jpg,input/s2f/trainB/resized0434.jpg
input/s2f/trainA/2016-06-26 01:38:48.jpg,input/s2f/trainB/resized0436.jpg
input/s2f/trainA/2016-06-29 02:21:04.jpg,input/s2f/trainB/resized0438.jpg
input/s2f/trainA/2016-06-29 13:39:36.jpg,input/s2f/trainB/resized0439.jpg
input/s2f/trainA/2016-06-30 00:06:57.jpg,input/s2f/trainB/resized0445.jpg
input/s2f/trainA/2016-07-02 14:06:22.jpg,input/s2f/trainB/resized0446.jpg
input/s2f/trainA/2016-07-03 02:15:39.jpg,input/s2f/trainB/resiz0036.jpg
input/s2f/trainA/2016-07-03 16:43:43.jpg,input/s2f/trainB/resiz0037.jpg
input/s2f/trainA/2016-07-03 22:12:55.jpg,input/s2f/trainB/resiz0038.jpg
input/s2f/trainA/2016-07-04 00:51:36.jpg,input/s2f/trainB/resiz0039.jpg
input/s2f/trainA/2016-07-04 08:41:04.jpg,input/s2f/trainB/resiz0040.jpg
input/s2f/trainA/2016-07-06 00:27:45.jpg,input/s2f/trainB/resiz0041.jpg
input/s2f/trainA/2016-07-06 01:44:46.jpg,input/s2f/trainB/resiz0042.jpg
input/s2f/trainA/2016-07-06 11:37:39.jpg,input/s2f/trainB/resiz0043.jpg
input/s2f/trainA/2015-08-03 16:06:49.jpg,input/s2f/trainB/resiz0044.jpg
input/s2f/trainA/2015-08-04 00:09:46.jpg,input/s2f/trainB/resiz0045.jpg
input/s2f/trainA/2015-08-04 07:29:52.jpg,input/s2f/trainB/resiz0046.jpg
input/s2f/trainA/2015-08-04 09:32:49.jpg,input/s2f/trainB/resiz0047.jpg
input/s2f/trainA/2015-08-04 16:23:36.jpg,input/s2f/trainB/resiz0048.jpg
input/s2f/trainA/2015-08-05 00:35:43.jpg,input/s2f/trainB/resiz0049.jpg
input/s2f/trainA/2015-08-05 11:09:23.jpg,input/s2f/trainB/resiz0050.jpg
input/s2f/trainA/2015-08-06 01:05:04.jpg,input/s2f/trainB/resiz0051.jpg
input/s2f/trainA/2015-08-06 15:28:46.jpg,input/s2f/trainB/resiz0052.jpg
input/s2f/trainA/2015-08-08 14:49:32.jpg,input/s2f/trainB/resiz0054.jpg
input/s2f/trainA/2015-08-09 03:22:06.jpg,input/s2f/trainB/resiz0055.jpg
input/s2f/trainA/2015-08-09 19:35:44.jpg,input/s2f/trainB/resiz0056.jpg
input/s2f/trainA/2015-08-12 21:51:34.jpg,input/s2f/trainB/resiz0057.jpg
input/s2f/trainA/2015-08-12 21:53:23.jpg,input/s2f/trainB/resiz0058.jpg
input/s2f/trainA/2015-08-13 07:30:33.jpg,input/s2f/trainB/resiz0059.jpg
input/s2f/trainA/2015-08-14 10:29:18.jpg,input/s2f/trainB/resiz0060.jpg
input/s2f/trainA/2015-08-14 12:55:32.jpg,input/s2f/trainB/resiz0061.jpg
input/s2f/trainA/2015-08-14 12:56:56.jpg,input/s2f/trainB/resiz0062.jpg
input/s2f/trainA/2015-08-14 13:39:03.jpg,input/s2f/trainB/resiz0063.jpg
input/s2f/trainA/2015-08-14 20:07:17.jpg,input/s2f/trainB/resiz0064.jpg
input/s2f/trainA/2015-08-14 22:12:14.jpg,input/s2f/trainB/resiz0065.jpg
input/s2f/trainA/2015-08-15 10:34:54.jpg,input/s2f/trainB/resiz0066.jpg
input/s2f/trainA/2015-08-16 11:20:48.jpg,input/s2f/trainB/resiz0067.jpg
input/s2f/trainA/2015-08-16 12:54:47.jpg,input/s2f/trainB/resiz0068.jpg
input/s2f/trainA/2015-08-17 06:31:45.jpg,input/s2f/trainB/resiz0069.jpg
input/s2f/trainA/2012-06-20 22:29:56.jpg,input/s2f/trainB/resiz0070.jpg
input/s2f/trainA/2012-06-21 03:33:06.jpg,input/s2f/trainB/resized0481.jpg
input/s2f/trainA/2012-06-21 20:06:05.jpg,input/s2f/trainB/resized0482.jpg
input/s2f/trainA/2012-06-22 09:33:14.jpg,input/s2f/trainB/resized0485.jpg
input/s2f/trainA/2012-06-22 10:43:46.jpg,input/s2f/trainB/resized0487.jpg
input/s2f/trainA/2012-06-22 13:44:24.jpg,input/s2f/trainB/resized0489.jpg
input/s2f/trainA/2012-06-23 05:14:12.jpg,input/s2f/trainB/resized0490.jpg
input/s2f/trainA/2012-06-23 11:13:47.jpg,input/s2f/trainB/resized0491.jpg
input/s2f/trainA/2012-06-23 20:28:22.jpg,input/s2f/trainB/resized0525.jpg
input/s2f/trainA/2012-06-23 23:44:46.jpg,input/s2f/trainB/resized0548.jpg
input/s2f/trainA/2012-06-24 13:18:58.jpg,input/s2f/trainB/resized0550.jpg
input/s2f/trainA/2012-06-24 22:43:44.jpg,input/s2f/trainB/resized0553.jpg
input/s2f/trainA/2012-06-25 16:45:36.jpg,input/s2f/trainB/resized0554.jpg
input/s2f/trainA/2012-06-25 17:05:57.jpg,input/s2f/trainB/resized0555.jpg
input/s2f/trainA/2012-06-26 11:12:24.jpg,input/s2f/trainB/resized0556.jpg
input/s2f/trainA/2012-06-27 15:44:12.jpg,input/s2f/trainB/resized0558.jpg
input/s2f/trainA/2012-06-27 19:50:02.jpg,input/s2f/trainB/resized0560.jpg
input/s2f/trainA/2012-06-28 08:18:04.jpg,input/s2f/trainB/resized0566.jpg
input/s2f/trainA/2012-06-30 05:34:08.jpg,input/s2f/trainB/resized0569.jpg
input/s2f/trainA/2012-07-01 14:32:15.jpg,input/s2f/trainB/resized0572.jpg
input/s2f/trainA/2012-07-03 08:07:27.jpg,input/s2f/trainB/resized0575.jpg
input/s2f/trainA/2012-07-03 20:06:53.jpg,input/s2f/trainB/resized0576.jpg
input/s2f/trainA/2011-07-01 23:15:23.jpg,input/s2f/trainB/resized0577.jpg
input/s2f/trainA/2011-07-02 02:15:07.jpg,input/s2f/trainB/resized0578.jpg
input/s2f/trainA/2011-07-03 00:29:45.jpg,input/s2f/trainB/resized0580.jpg
input/s2f/trainA/2011-07-03 04:09:18.jpg,input/s2f/trainB/resized0582.jpg
input/s2f/trainA/2011-07-03 07:34:06.jpg,input/s2f/trainB/resized0583.jpg
input/s2f/trainA/2011-07-03 12:04:58.jpg,input/s2f/trainB/resized0584.jpg
input/s2f/trainA/2011-07-03 18:08:02.jpg,input/s2f/trainB/resized0585.jpg
input/s2f/trainA/2011-07-03 19:56:13.jpg,input/s2f/trainB/resized0586.jpg
input/s2f/trainA/2011-07-03 20:55:29.jpg,input/s2f/trainB/resized0587.jpg
input/s2f/trainA/2011-07-03 23:18:02.jpg,input/s2f/trainB/resized0588.jpg
input/s2f/trainA/2011-07-04 13:56:35.jpg,input/s2f/trainB/resized0589.jpg
input/s2f/trainA/2011-07-04 15:59:58.jpg,input/s2f/trainB/resized0590.jpg
input/s2f/trainA/2011-07-04 17:20:09.jpg,input/s2f/trainB/resized0599.jpg
input/s2f/trainA/2011-07-04 19:09:37.jpg,input/s2f/trainB/resized0605.jpg
input/s2f/trainA/2011-07-05 01:15:27.jpg,input/s2f/trainB/resized0606.jpg
input/s2f/trainA/2011-07-05 03:50:13.jpg,input/s2f/trainB/resized0613.jpg
input/s2f/trainA/2011-07-05 15:38:57.jpg,input/s2f/trainB/resized0614.jpg
input/s2f/trainA/2011-07-07 13:24:22.jpg,input/s2f/trainB/resized0616.jpg
input/s2f/trainA/2011-07-07 15:37:22.jpg,input/s2f/trainB/resized0622.jpg
input/s2f/trainA/2011-07-07 15:53:38.jpg,input/s2f/trainB/resized0625.jpg
input/s2f/trainA/2011-07-08 01:32:16.jpg,input/s2f/trainB/resized0627.jpg
input/s2f/trainA/2011-07-08 11:22:29.jpg,input/s2f/trainB/resized0598.jpg
input/s2f/trainA/2011-07-09 03:32:34.jpg,input/s2f/trainB/resized0612.jpg
input/s2f/trainA/2011-07-09 06:38:02.jpg,input/s2f/trainB/resized0630.jpg
input/s2f/trainA/2011-07-09 14:38:02.jpg,input/s2f/trainB/resized104.jpg
input/s2f/trainA/2011-07-09 20:52:39.jpg,input/s2f/trainB/resized121.jpg
input/s2f/trainA/2011-07-10 17:15:13.jpg,input/s2f/trainB/resized139.jpg
input/s2f/trainA/2011-07-12 06:45:49.jpg,input/s2f/trainB/resized157.jpg
input/s2f/trainA/2014-08-19 08:05:29.jpg,input/s2f/trainB/resized175.jpg
input/s2f/trainA/2014-08-20 18:23:03.jpg,input/s2f/trainB/resized200.jpg
input/s2f/trainA/2014-08-22 14:36:06.jpg,input/s2f/trainB/resized212.jpg
input/s2f/trainA/2014-08-22 19:38:17.jpg,input/s2f/trainB/resized229.jpg
input/s2f/trainA/2014-08-22 22:29:27.jpg,input/s2f/trainB/resized233.jpg
input/s2f/trainA/2014-08-23 18:29:08.jpg,input/s2f/trainB/resized251.jpg
input/s2f/trainA/2014-08-24 04:34:25.jpg,input/s2f/trainB/resiz0072.jpg
input/s2f/trainA/2014-08-24 05:30:07.jpg,input/s2f/trainB/resiz0073.jpg
input/s2f/trainA/2014-08-24 13:29:44.jpg,input/s2f/trainB/resiz0074.jpg
input/s2f/trainA/2014-08-24 14:42:57.jpg,input/s2f/trainB/resiz0075.jpg
input/s2f/trainA/2014-08-26 03:23:49.jpg,input/s2f/trainB/resiz0076.jpg
input/s2f/trainA/2014-08-26 05:33:17.jpg,input/s2f/trainB/resiz0077.jpg
input/s2f/trainA/2014-08-26 20:11:34.jpg,input/s2f/trainB/resiz0078.jpg
input/s2f/trainA/2014-08-27 02:26:08.jpg,input/s2f/trainB/resiz0079.jpg
input/s2f/trainA/2014-08-27 08:07:37.jpg,input/s2f/trainB/resiz0080.jpg
input/s2f/trainA/2014-08-27 09:35:03.jpg,input/s2f/trainB/resiz0081.jpg
input/s2f/trainA/2014-08-27 22:33:53.jpg,input/s2f/trainB/resiz0082.jpg
input/s2f/trainA/2014-08-29 12:48:44.jpg,input/s2f/trainB/resiz0083.jpg
input/s2f/trainA/2014-08-29 17:53:25.jpg,input/s2f/trainB/resiz0084.jpg
input/s2f/trainA/2014-08-29 20:31:09.jpg,input/s2f/trainB/resiz0085.jpg
input/s2f/trainA/2014-08-30 04:00:23.jpg,input/s2f/trainB/resiz0086.jpg
input/s2f/trainA/2014-08-30 12:57:34.jpg,input/s2f/trainB/resiz0087.jpg
input/s2f/trainA/2014-08-31 08:08:43.jpg,input/s2f/trainB/resiz0088.jpg
input/s2f/trainA/2015-09-05 15:22:29.jpg,input/s2f/trainB/resized101.jpg
input/s2f/trainA/2015-09-05 21:17:29.jpg,input/s2f/trainB/resize000027.jpg
input/s2f/trainA/2015-09-06 11:02:38.jpg,input/s2f/trainB/resize000029.jpg
input/s2f/trainA/2015-09-07 00:02:25.jpg,input/s2f/trainB/resize00003.jpg
input/s2f/trainA/2015-09-07 13:27:36.jpg,input/s2f/trainB/resize000030.jpg
input/s2f/trainA/2015-09-07 15:49:32.jpg,input/s2f/trainB/resize000032.jpg
input/s2f/trainA/2015-09-07 21:48:49.jpg,input/s2f/trainB/resize000034.jpg
input/s2f/trainA/2015-09-09 11:14:27.jpg,input/s2f/trainB/resize000036.jpg
input/s2f/trainA/2015-09-09 13:47:07.jpg,input/s2f/trainB/resize000038.jpg
input/s2f/trainA/2015-09-09 16:01:23.jpg,input/s2f/trainB/resize000039.jpg
input/s2f/trainA/2015-09-09 19:09:12.jpg,input/s2f/trainB/resize00004.jpg
input/s2f/trainA/2015-09-09 19:38:09.jpg,input/s2f/trainB/resize000040.jpg
input/s2f/trainA/2015-09-11 12:09:45.jpg,input/s2f/trainB/resize000042.jpg
input/s2f/trainA/2015-09-12 08:09:53.jpg,input/s2f/trainB/resize000043.jpg
input/s2f/trainA/2015-09-13 11:30:06.jpg,input/s2f/trainB/resized309.jpg
input/s2f/trainA/2015-09-14 02:05:22.jpg,input/s2f/trainB/resized311.jpg
input/s2f/trainA/2015-09-21 18:26:43.jpg,input/s2f/trainB/resized316.jpg
input/s2f/trainA/2011-11-30 13:16:47.jpg,input/s2f/trainB/resized319.jpg
input/s2f/trainA/2012-01-04 21:02:16.jpg,input/s2f/trainB/resized332.jpg
input/s2f/trainA/2012-01-06 16:13:52.jpg,input/s2f/trainB/resiz0090.jpg
input/s2f/trainA/2012-02-03 09:18:17.jpg,input/s2f/trainB/resiz0091.jpg
input/s2f/trainA/2012-03-23 00:14:28.jpg,input/s2f/trainB/resiz0092.jpg
input/s2f/trainA/2012-03-26 14:51:19.jpg,input/s2f/trainB/resiz0093.jpg
input/s2f/trainA/2012-04-15 15:32:03.jpg,input/s2f/trainB/resiz0094.jpg
input/s2f/trainA/2012-04-23 15:03:05.jpg,input/s2f/trainB/resiz0095.jpg
input/s2f/trainA/2012-04-25 08:00:19.jpg,input/s2f/trainB/resiz0096.jpg
input/s2f/trainA/2012-04-26 20:00:47.jpg,input/s2f/trainB/resiz0097.jpg
input/s2f/trainA/2012-05-15 08:50:36.jpg,input/s2f/trainB/resiz0098.jpg
input/s2f/trainA/2012-05-15 11:49:08.jpg,input/s2f/trainB/resiz0099.jpg
input/s2f/trainA/2012-05-15 19:29:19.jpg,input/s2f/trainB/resiz0100.jpg
input/s2f/trainA/2012-05-16 18:28:23.jpg,input/s2f/trainB/resiz0101.jpg
input/s2f/trainA/2012-05-19 13:31:28.jpg,input/s2f/trainB/resiz0102.jpg
input/s2f/trainA/2012-05-21 19:57:52.jpg,input/s2f/trainB/resiz0103.jpg
input/s2f/trainA/2012-05-22 07:34:23.jpg,input/s2f/trainB/resiz0104.jpg
input/s2f/trainA/2012-05-24 09:29:03.jpg,input/s2f/trainB/resiz0105.jpg
input/s2f/trainA/2012-05-25 14:16:22.jpg,input/s2f/trainB/resiz0106.jpg
input/s2f/trainA/2012-05-25 20:06:14.jpg,input/s2f/trainB/resized414.jpg
input/s2f/trainA/2012-05-26 14:09:54.jpg,input/s2f/trainB/resized417.jpg
input/s2f/trainA/2012-05-26 17:08:03.jpg,input/s2f/trainB/resized418.jpg
input/s2f/trainA/2012-05-26 18:28:03.jpg,input/s2f/trainB/resized421.jpg
input/s2f/trainA/2012-05-27 17:59:16.jpg,input/s2f/trainB/resized422.jpg
input/s2f/trainA/2012-05-28 14:33:34.jpg,input/s2f/trainB/resized423.jpg
input/s2f/trainA/2013-08-12 15:49:12.jpg,input/s2f/trainB/resized424.jpg
input/s2f/trainA/2013-08-13 00:41:12.jpg,input/s2f/trainB/resized425.jpg
input/s2f/trainA/2013-08-13 18:43:48.jpg,input/s2f/trainB/resized427.jpg
input/s2f/trainA/2013-08-13 19:19:34.jpg,input/s2f/trainB/resized428.jpg
input/s2f/trainA/2013-08-14 08:21:27.jpg,input/s2f/trainB/resized431.jpg
input/s2f/trainA/2013-08-14 13:39:08.jpg,input/s2f/trainB/resized434.jpg
input/s2f/trainA/2013-08-15 02:00:27.jpg,input/s2f/trainB/resized435.jpg
input/s2f/trainA/2013-08-15 08:58:14.jpg,input/s2f/trainB/resized438.jpg
input/s2f/trainA/2013-08-16 13:32:02.jpg,input/s2f/trainB/resized439.jpg
input/s2f/trainA/2013-08-17 07:59:38.jpg,input/s2f/trainB/resiz0108.jpg
input/s2f/trainA/2013-08-17 19:48:52.jpg,input/s2f/trainB/resiz0109.jpg
input/s2f/trainA/2013-08-18 01:26:03.jpg,input/s2f/trainB/resiz0110.jpg
input/s2f/trainA/2013-08-18 06:29:45.jpg,input/s2f/trainB/resiz0111.jpg
input/s2f/trainA/2013-08-18 08:18:48.jpg,input/s2f/trainB/resiz0112.jpg
input/s2f/trainA/2013-08-18 09:33:02.jpg,input/s2f/trainB/resiz0113.jpg
input/s2f/trainA/2013-06-06 23:59:34.jpg,input/s2f/trainB/resiz0114.jpg
input/s2f/trainA/2013-06-07 23:07:25.jpg,input/s2f/trainB/resiz0115.jpg
input/s2f/trainA/2013-06-09 09:04:47.jpg,input/s2f/trainB/resiz0116.jpg
input/s2f/trainA/2013-06-10 05:46:13.jpg,input/s2f/trainB/resiz0117.jpg
input/s2f/trainA/2013-06-10 12:58:17.jpg,input/s2f/trainB/resiz0118.jpg
input/s2f/trainA/2013-06-12 15:59:24.jpg,input/s2f/trainB/resiz0119.jpg
input/s2f/trainA/2013-06-13 04:10:15.jpg,input/s2f/trainB/resiz0120.jpg
input/s2f/trainA/2013-06-14 01:54:39.jpg,input/s2f/trainB/resiz0121.jpg
input/s2f/trainA/2013-06-14 14:47:49.jpg,input/s2f/trainB/resiz0122.jpg
input/s2f/trainA/2013-06-15 16:32:24.jpg,input/s2f/trainB/resiz0123.jpg
input/s2f/trainA/2013-06-15 18:15:22.jpg,input/s2f/trainB/resiz0124.jpg
input/s2f/trainA/2013-06-15 20:21:49.jpg,input/s2f/trainB/resized482.jpg
input/s2f/trainA/2013-06-16 17:46:13.jpg,input/s2f/trainB/resized486.jpg
input/s2f/trainA/2013-06-17 19:19:48.jpg,input/s2f/trainB/resized488.jpg
input/s2f/trainA/2013-06-20 05:12:46.jpg,input/s2f/trainB/resized490.jpg
input/s2f/trainA/2013-06-20 20:56:06.jpg,input/s2f/trainB/resiz0126.jpg
input/s2f/trainA/2013-06-23 01:56:49.jpg,input/s2f/trainB/resiz0127.jpg
input/s2f/trainA/2013-06-23 08:20:19.jpg,input/s2f/trainB/resiz0128.jpg
input/s2f/trainA/2013-06-23 12:10:05.jpg,input/s2f/trainB/resiz0129.jpg
input/s2f/trainA/2014-06-23 03:22:38.jpg,input/s2f/trainB/resiz0130.jpg
input/s2f/trainA/2014-06-23 21:17:12.jpg,input/s2f/trainB/resiz0131.jpg
input/s2f/trainA/2014-06-26 09:07:32.jpg,input/s2f/trainB/resiz0132.jpg
input/s2f/trainA/2014-06-26 18:06:43.jpg,input/s2f/trainB/resiz0133.jpg
input/s2f/trainA/2014-06-26 22:14:05.jpg,input/s2f/trainB/resiz0134.jpg
input/s2f/trainA/2014-06-27 20:22:16.jpg,input/s2f/trainB/resiz0135.jpg
input/s2f/trainA/2014-06-29 20:48:09.jpg,input/s2f/trainB/resiz0136.jpg
input/s2f/trainA/2014-06-30 04:40:25.jpg,input/s2f/trainB/resiz0137.jpg
input/s2f/trainA/2014-06-30 18:33:25.jpg,input/s2f/trainB/resiz0138.jpg
input/s2f/trainA/2014-06-30 18:59:03.jpg,input/s2f/trainB/resiz0139.jpg
input/s2f/trainA/2014-07-01 04:34:44.jpg,input/s2f/trainB/resiz0140.jpg
input/s2f/trainA/2014-07-01 10:31:48.jpg,input/s2f/trainB/resiz0141.jpg
input/s2f/trainA/2014-07-01 18:13:17.jpg,input/s2f/trainB/resiz0142.jpg
input/s2f/trainA/2014-07-02 12:16:14.jpg,input/s2f/trainB/resized536.jpg
input/s2f/trainA/2014-07-02 16:24:24.jpg,input/s2f/trainB/resized554.jpg
input/s2f/trainA/2014-07-02 23:11:19.jpg,input/s2f/trainB/resized555.jpg
input/s2f/trainA/2014-07-03 09:48:35.jpg,input/s2f/trainB/resized560.jpg
input/s2f/trainA/2014-07-04 02:24:09.jpg,input/s2f/trainB/resized565.jpg
input/s2f/trainA/2014-07-05 02:00:53.jpg,input/s2f/trainB/resized566.jpg
input/s2f/trainA/2011-05-22 17:18:42.jpg,input/s2f/trainB/resized570.jpg
input/s2f/trainA/2011-05-24 19:18:16.jpg,input/s2f/trainB/resized571.jpg
input/s2f/trainA/2011-05-26 15:42:19.jpg,input/s2f/trainB/resized572.jpg
input/s2f/trainA/2011-05-26 19:35:25.jpg,input/s2f/trainB/resized575.jpg
input/s2f/trainA/2011-05-26 20:52:05.jpg,input/s2f/trainB/resized576.jpg
input/s2f/trainA/2011-05-27 03:45:48.jpg,input/s2f/trainB/resized577.jpg
input/s2f/trainA/2011-05-27 10:07:09.jpg,input/s2f/trainB/resized578.jpg
input/s2f/trainA/2011-05-28 09:45:52.jpg,input/s2f/trainB/resized580.jpg
input/s2f/trainA/2011-05-28 17:21:32.jpg,input/s2f/trainB/resized581.jpg
input/s2f/trainA/2011-05-29 12:46:29.jpg,input/s2f/trainB/resized583.jpg
input/s2f/trainA/2011-05-30 16:53:54.jpg,input/s2f/trainB/resized584.jpg
input/s2f/trainA/2011-05-30 18:05:07.jpg,input/s2f/trainB/resized585.jpg
input/s2f/trainA/2011-05-30 20:18:25.jpg,input/s2f/trainB/resized586.jpg
input/s2f/trainA/2011-05-31 22:24:37.jpg,input/s2f/trainB/resized589.jpg
input/s2f/trainA/2011-06-01 14:19:15.jpg,input/s2f/trainB/resized596.jpg
input/s2f/trainA/2011-06-02 19:54:59.jpg,input/s2f/trainB/resized597.jpg
input/s2f/trainA/2015-06-23 07:47:45.jpg,input/s2f/trainB/resized599.jpg
input/s2f/trainA/2015-06-23 09:56:56.jpg,input/s2f/trainB/resized602.jpg
input/s2f/trainA/2015-06-23 22:07:18.jpg,input/s2f/trainB/resized607.jpg
input/s2f/trainA/2015-06-24 19:13:24.jpg,input/s2f/trainB/resized288.jpg
input/s2f/trainA/2015-06-26 11:03:46.jpg,input/s2f/trainB/resized308.jpg
input/s2f/trainA/2015-06-26 12:24:54.jpg,input/s2f/trainB/resized331.jpg
input/s2f/trainA/2015-06-26 19:33:09.jpg,input/s2f/trainB/resized343.jpg
input/s2f/trainA/2015-06-27 04:59:47.jpg,input/s2f/trainB/resized360.jpg
input/s2f/trainA/2015-06-27 11:34:04.jpg,input/s2f/trainB/resized377.jpg
input/s2f/trainA/2015-06-27 23:02:09.jpg,input/s2f/trainB/resized394.jpg
input/s2f/trainA/2015-06-28 07:12:03.jpg,input/s2f/trainB/resized430.jpg
input/s2f/trainA/2015-06-28 15:18:05.jpg,input/s2f/trainB/resized449.jpg
input/s2f/trainA/2015-06-29 03:42:43.jpg,input/s2f/trainB/resized484.jpg
input/s2f/trainA/2015-06-29 04:54:24.jpg,input/s2f/trainB/resized526.jpg
input/s2f/trainA/2015-06-29 06:54:44.jpg,input/s2f/trainB/resized550.jpg
input/s2f/trainA/2016-09-06 03:40:17.jpg,input/s2f/trainB/resized556.jpg
input/s2f/trainA/2016-09-06 18:32:34.jpg,input/s2f/trainB/resized574.jpg
input/s2f/trainA/2016-09-06 22:18:14.jpg,input/s2f/trainB/resized595.jpg
input/s2f/trainA/2016-09-07 14:13:57.jpg,input/s2f/trainB/resized610.jpg
input/s2f/trainA/2016-09-07 21:56:25.jpg,input/s2f/trainB/resized612.jpg
input/s2f/trainA/2016-09-08 15:29:45.jpg,input/s2f/trainB/resized619.jpg
input/s2f/trainA/2016-09-08 17:15:18.jpg,input/s2f/trainB/resized625.jpg
input/s2f/trainA/2016-09-08 20:05:17.jpg,input/s2f/trainB/resize000047.jpg
input/s2f/trainA/2016-09-08 22:06:35.jpg,input/s2f/trainB/resize000048.jpg
input/s2f/trainA/2016-09-08 23:21:04.jpg,input/s2f/trainB/resize000049.jpg
input/s2f/trainA/2016-09-10 13:27:34.jpg,input/s2f/trainB/resize00005.jpg
input/s2f/trainA/2016-09-11 10:03:22.jpg,input/s2f/trainB/resize000051.jpg
input/s2f/trainA/2016-09-11 13:38:16.jpg,input/s2f/trainB/resize000052.jpg
input/s2f/trainA/2016-09-12 21:34:08.jpg,input/s2f/trainB/resize000053.jpg
input/s2f/trainA/2016-09-12 21:39:34.jpg,input/s2f/trainB/resize000054.jpg
input/s2f/trainA/2016-09-13 01:08:45.jpg,input/s2f/trainB/resize000055.jpg
input/s2f/trainA/2016-09-13 14:31:52.jpg,input/s2f/trainB/resize000057.jpg
input/s2f/trainA/2012-07-04 22:41:44.jpg,input/s2f/trainB/resize000059.jpg
input/s2f/trainA/2012-07-06 08:23:45.jpg,input/s2f/trainB/resize000064.jpg
input/s2f/trainA/2012-07-06 18:06:55.jpg,input/s2f/trainB/resized0029.jpg
input/s2f/trainA/2012-07-07 11:28:54.jpg,input/s2f/trainB/resized0030.jpg
input/s2f/trainA/2012-07-07 15:24:03.jpg,input/s2f/trainB/resize000070.jpg
input/s2f/trainA/2012-07-07 20:17:57.jpg,input/s2f/trainB/resize000072.jpg
input/s2f/trainA/2012-07-09 20:27:59.jpg,input/s2f/trainB/resize000075.jpg
input/s2f/trainA/2012-07-10 18:40:19.jpg,input/s2f/trainB/resize000079.jpg
input/s2f/trainA/2012-07-11 13:53:39.jpg,input/s2f/trainB/resize000081.jpg
input/s2f/trainA/2012-07-11 19:10:44.jpg,input/s2f/trainB/resize000082.jpg
input/s2f/trainA/2012-07-12 10:53:19.jpg,input/s2f/trainB/resize000084.jpg
input/s2f/trainA/2012-07-12 19:24:38.jpg,input/s2f/trainB/resize000085.jpg
input/s2f/trainA/2012-07-13 11:00:25.jpg,input/s2f/trainB/resize000086.jpg
input/s2f/trainA/2012-07-15 12:37:08.jpg,input/s2f/trainB/resize000088.jpg
input/s2f/trainA/2012-07-16 21:12:57.jpg,input/s2f/trainB/resize000089.jpg
input/s2f/trainA/2012-07-17 07:03:56.jpg,input/s2f/trainB/resize000090.jpg
input/s2f/trainA/2012-07-17 14:05:09.jpg,input/s2f/trainB/resize000091.jpg
input/s2f/trainA/2016-05-16 12:12:26.jpg,input/s2f/trainB/resize000092.jpg
input/s2f/trainA/2016-05-16 22:12:32.jpg,input/s2f/trainB/resize000093.jpg
input/s2f/trainA/2016-05-16 22:56:44.jpg,input/s2f/trainB/resize000095.jpg
input/s2f/trainA/2016-05-17 01:00:57.jpg,input/s2f/trainB/resize000096.jpg
input/s2f/trainA/2016-05-17 16:04:59.jpg,input/s2f/trainB/resize000098.jpg
input/s2f/trainA/2016-05-18 04:41:48.jpg,input/s2f/trainB/resize000099.jpg
input/s2f/trainA/2016-05-18 15:31:23.jpg,input/s2f/trainB/resized006.jpg
input/s2f/trainA/2016-05-18 19:44:23.jpg,input/s2f/trainB/resized016.jpg
input/s2f/trainA/2016-05-19 17:29:45.jpg,input/s2f/trainB/resiz0144.jpg
input/s2f/trainA/2016-05-19 18:10:05.jpg,input/s2f/trainB/resiz0145.jpg
input/s2f/trainA/2016-05-20 05:14:03.jpg,input/s2f/trainB/resiz0146.jpg
input/s2f/trainA/2016-05-21 16:54:38.jpg,input/s2f/trainB/resiz0147.jpg
input/s2f/trainA/2016-05-21 19:12:03.jpg,input/s2f/trainB/resiz0148.jpg
input/s2f/trainA/2016-05-21 20:56:35.jpg,input/s2f/trainB/resiz0149.jpg
input/s2f/trainA/2016-05-22 06:23:47.jpg,input/s2f/trainB/resiz0150.jpg
input/s2f/trainA/2016-05-22 20:01:19.jpg,input/s2f/trainB/resiz0151.jpg
input/s2f/trainA/2016-05-23 02:43:04.jpg,input/s2f/trainB/resiz0152.jpg
input/s2f/trainA/2016-05-23 16:57:14.jpg,input/s2f/trainB/resiz0153.jpg
input/s2f/trainA/2016-05-24 20:53:06.jpg,input/s2f/trainB/resiz0154.jpg
input/s2f/trainA/2016-05-25 16:08:05.jpg,input/s2f/trainB/resiz0155.jpg
input/s2f/trainA/2016-05-25 19:38:46.jpg,input/s2f/trainB/resiz0156.jpg
input/s2f/trainA/2016-05-26 11:38:38.jpg,input/s2f/trainB/resiz0157.jpg
input/s2f/trainA/2014-09-02 22:53:12.jpg,input/s2f/trainB/resiz0158.jpg
input/s2f/trainA/2014-09-03 01:26:47.jpg,input/s2f/trainB/resiz0159.jpg
input/s2f/trainA/2014-09-04 07:32:17.jpg,input/s2f/trainB/resiz0160.jpg
input/s2f/trainA/2014-09-04 19:41:35.jpg,input/s2f/trainB/resize000122.jpg
input/s2f/trainA/2014-09-05 12:55:32.jpg,input/s2f/trainB/resize000123.jpg
input/s2f/trainA/2014-09-05 21:47:44.jpg,input/s2f/trainB/resize000124.jpg
input/s2f/trainA/2014-09-07 15:41:16.jpg,input/s2f/trainB/resize000125.jpg
input/s2f/trainA/2014-09-07 20:28:25.jpg,input/s2f/trainB/resize000130.jpg
input/s2f/trainA/2014-09-08 10:11:14.jpg,input/s2f/trainB/resize000131.jpg
input/s2f/trainA/2014-09-08 15:48:57.jpg,input/s2f/trainB/resize000133.jpg
input/s2f/trainA/2014-09-08 22:40:14.jpg,input/s2f/trainB/resize000136.jpg
input/s2f/trainA/2014-09-09 00:25:52.jpg,input/s2f/trainB/resize000011.jpg
input/s2f/trainA/2014-09-09 06:56:45.jpg,input/s2f/trainB/resize000012.jpg
input/s2f/trainA/2014-09-09 10:38:17.jpg,input/s2f/trainB/resize000013.jpg
input/s2f/trainA/2014-09-09 10:54:18.jpg,input/s2f/trainB/resize000014.jpg
input/s2f/trainA/2014-09-10 22:17:28.jpg,input/s2f/trainB/resize000015.jpg
input/s2f/trainA/2014-09-11 13:48:29.jpg,input/s2f/trainB/resize000016.jpg
input/s2f/trainA/2014-09-12 07:02:34.jpg,input/s2f/trainB/resize000017.jpg
input/s2f/trainA/2014-09-12 14:09:43.jpg,input/s2f/trainB/resize000018.jpg
input/s2f/trainA/2014-09-14 09:55:57.jpg,input/s2f/trainB/resize000019.jpg
input/s2f/trainA/2014-09-14 09:58:08.jpg,input/s2f/trainB/resize000020.jpg
input/s2f/trainA/2014-09-14 13:30:13.jpg,input/s2f/trainB/resize000021.jpg
input/s2f/trainA/2014-09-18 14:59:03.jpg,input/s2f/trainB/resize000022.jpg
input/s2f/trainA/2014-10-02 14:07:29.jpg,input/s2f/trainB/resize000140.jpg
input/s2f/trainA/2011-07-14 19:10:09.jpg,input/s2f/trainB/resize000141.jpg
input/s2f/trainA/2011-07-15 04:15:53.jpg,input/s2f/trainB/resize000142.jpg
input/s2f/trainA/2011-07-15 04:39:13.jpg,input/s2f/trainB/resize000143.jpg
input/s2f/trainA/2011-07-17 07:47:59.jpg,input/s2f/trainB/resize000145.jpg
input/s2f/trainA/2011-07-17 15:10:03.jpg,input/s2f/trainB/resize000146.jpg
input/s2f/trainA/2011-07-18 00:18:16.jpg,input/s2f/trainB/resize000148.jpg
input/s2f/trainA/2011-07-19 12:22:28.jpg,input/s2f/trainB/resize000149.jpg
input/s2f/trainA/2011-07-20 00:33:52.jpg,input/s2f/trainB/resize000150.jpg
input/s2f/trainA/2011-07-22 10:45:52.jpg,input/s2f/trainB/resize000152.jpg
input/s2f/trainA/2011-07-22 12:12:58.jpg,input/s2f/trainB/resize000153.jpg
input/s2f/trainA/2011-07-23 00:00:05.jpg,input/s2f/trainB/resize000154.jpg
input/s2f/trainA/2011-07-23 20:26:12.jpg,input/s2f/trainB/resize000155.jpg
input/s2f/trainA/2011-07-24 08:33:09.jpg,input/s2f/trainB/resize000156.jpg
input/s2f/trainA/2011-07-24 12:51:28.jpg,input/s2f/trainB/resize000159.jpg
input/s2f/trainA/2011-07-25 14:43:07.jpg,input/s2f/trainB/resize00016.jpg
input/s2f/trainA/2011-07-30 11:04:45.jpg,input/s2f/trainB/resize000161.jpg
input/s2f/trainA/2011-07-31 17:56:16.jpg,input/s2f/trainB/resize000162.jpg
input/s2f/trainA/2011-07-31 18:05:16.jpg,input/s2f/trainB/resize000163.jpg
input/s2f/trainA/2011-08-01 21:10:35.jpg,input/s2f/trainB/resize000164.jpg
input/s2f/trainA/2011-08-02 00:14:07.jpg,input/s2f/trainB/resize000167.jpg
input/s2f/trainA/2011-08-02 17:55:36.jpg,input/s2f/trainB/resize00017.jpg
input/s2f/trainA/2011-08-04 21:26:23.jpg,input/s2f/trainB/resize000171.jpg
input/s2f/trainA/2011-08-06 14:26:36.jpg,input/s2f/trainB/resize000172.jpg
input/s2f/trainA/2011-08-06 22:38:35.jpg,input/s2f/trainB/resize000173.jpg
input/s2f/trainA/2011-08-07 13:23:19.jpg,input/s2f/trainB/resize000174.jpg
input/s2f/trainA/2011-08-08 02:13:44.jpg,input/s2f/trainB/resize000175.jpg
input/s2f/trainA/2011-08-08 06:19:46.jpg,input/s2f/trainB/resize000176.jpg
input/s2f/trainA/2011-08-08 18:20:58.jpg,input/s2f/trainB/resize000178.jpg
input/s2f/trainA/2011-08-09 03:51:17.jpg,input/s2f/trainB/resize000179.jpg
input/s2f/trainA/2014-08-08 13:31:55.jpg,input/s2f/trainB/resize00018.jpg
input/s2f/trainA/2014-08-09 00:50:17.jpg,input/s2f/trainB/resize000180.jpg
input/s2f/trainA/2014-08-09 13:49:58.jpg,input/s2f/trainB/resize000181.jpg
input/s2f/trainA/2014-08-09 19:07:08.jpg,input/s2f/trainB/resize000182.jpg
input/s2f/trainA/2014-08-10 10:14:59.jpg,input/s2f/trainB/resize000183.jpg
input/s2f/trainA/2014-08-10 15:06:55.jpg,input/s2f/trainB/resize000185.jpg
input/s2f/trainA/2014-08-12 11:31:02.jpg,input/s2f/trainB/resize000186.jpg
input/s2f/trainA/2014-08-12 11:38:42.jpg,input/s2f/trainB/resize000189.jpg
input/s2f/trainA/2014-08-12 20:08:27.jpg,input/s2f/trainB/resize000190.jpg
input/s2f/trainA/2014-08-13 03:39:02.jpg,input/s2f/trainB/resize000191.jpg
input/s2f/trainA/2014-08-13 10:18:28.jpg,input/s2f/trainB/resize000194.jpg
input/s2f/trainA/2014-08-13 21:23:53.jpg,input/s2f/trainB/resize000195.jpg
input/s2f/trainA/2014-08-13 22:04:22.jpg,input/s2f/trainB/resize000196.jpg
input/s2f/trainA/2014-08-16 02:15:36.jpg,input/s2f/trainB/resize000197.jpg
input/s2f/trainA/2014-08-16 05:23:42.jpg,input/s2f/trainB/resize000198.jpg
input/s2f/trainA/2014-08-16 07:43:23.jpg,input/s2f/trainB/resize000204.jpg
input/s2f/trainA/2014-08-16 15:10:04.jpg,input/s2f/trainB/resize000205.jpg
input/s2f/trainA/2014-08-16 19:59:37.jpg,input/s2f/trainB/resize000206.jpg
input/s2f/trainA/2014-08-16 22:08:28.jpg,input/s2f/trainB/resize000208.jpg
input/s2f/trainA/2014-08-16 22:23:26.jpg,input/s2f/trainB/resize000209.jpg
input/s2f/trainA/2014-08-17 03:09:49.jpg,input/s2f/trainB/resize000210.jpg
input/s2f/trainA/2014-08-17 10:47:45.jpg,input/s2f/trainB/resize000212.jpg
input/s2f/trainA/2014-08-17 12:10:02.jpg,input/s2f/trainB/resize000213.jpg
input/s2f/trainA/2014-08-18 23:14:07.jpg,input/s2f/trainB/resize000214.jpg
input/s2f/trainA/2013-09-10 17:29:42.jpg,input/s2f/trainB/resize000215.jpg
input/s2f/trainA/2013-09-10 18:51:45.jpg,input/s2f/trainB/resize000216.jpg
input/s2f/trainA/2013-09-12 10:46:08.jpg,input/s2f/trainB/resize000217.jpg
input/s2f/trainA/2013-09-12 13:25:33.jpg,input/s2f/trainB/resize000218.jpg
input/s2f/trainA/2013-09-13 16:13:34.jpg,input/s2f/trainB/resize000219.jpg
input/s2f/trainA/2013-09-14 22:09:42.jpg,input/s2f/trainB/resize000220.jpg
input/s2f/trainA/2013-09-15 04:03:54.jpg,input/s2f/trainB/resize000221.jpg
input/s2f/trainA/2013-09-15 20:09:52.jpg,input/s2f/trainB/resize000222.jpg
input/s2f/trainA/2013-09-22 12:29:32.jpg,input/s2f/trainB/resize000223.jpg
input/s2f/trainA/2013-09-25 05:19:53.jpg,input/s2f/trainB/resize000224.jpg
input/s2f/trainA/2013-09-29 21:33:33.jpg,input/s2f/trainB/resize000225.jpg
input/s2f/trainA/2013-10-26 21:35:38.jpg,input/s2f/trainB/resize000226.jpg
input/s2f/trainA/2013-11-21 13:43:57.jpg,input/s2f/trainB/resize000229.jpg
input/s2f/trainA/2014-01-06 04:55:23.jpg,input/s2f/trainB/resize00023.jpg
input/s2f/trainA/2014-01-11 13:01:47.jpg,input/s2f/trainB/resize000230.jpg
input/s2f/trainA/2014-01-13 10:57:19.jpg,input/s2f/trainB/resize000231.jpg
input/s2f/trainA/2014-01-14 22:15:17.jpg,input/s2f/trainB/resize000232.jpg
input/s2f/trainA/2014-01-29 13:20:43.jpg,input/s2f/trainB/resize000233.jpg
input/s2f/trainA/2014-04-15 14:56:44.jpg,input/s2f/trainB/resize000234.jpg
input/s2f/trainA/2014-04-24 11:56:43.jpg,input/s2f/trainB/resize000237.jpg
input/s2f/trainA/2015-08-17 22:10:28.jpg,input/s2f/trainB/resize000238.jpg
input/s2f/trainA/2015-08-19 00:39:56.jpg,input/s2f/trainB/resize000239.jpg
input/s2f/trainA/2015-08-19 19:35:22.jpg,input/s2f/trainB/resize000245.jpg
input/s2f/trainA/2015-08-20 22:18:52.jpg,input/s2f/trainB/resize000281.jpg
input/s2f/trainA/2015-08-22 16:21:52.jpg,input/s2f/trainB/resize000282.jpg
input/s2f/trainA/2015-08-23 02:18:34.jpg,input/s2f/trainB/resize000283.jpg
input/s2f/trainA/2015-08-23 04:20:39.jpg,input/s2f/trainB/resize000284.jpg
input/s2f/trainA/2015-08-23 07:58:08.jpg,input/s2f/trainB/resize000285.jpg
input/s2f/trainA/2015-08-23 12:03:27.jpg,input/s2f/trainB/resize000286.jpg
input/s2f/trainA/2015-08-24 14:12:42.jpg,input/s2f/trainB/resize000287.jpg
input/s2f/trainA/2015-08-25 20:40:35.jpg,input/s2f/trainB/resize000288.jpg
input/s2f/trainA/2015-08-26 00:23:12.jpg,input/s2f/trainB/resize000289.jpg
input/s2f/trainA/2015-08-27 19:20:15.jpg,input/s2f/trainB/resize000290.jpg
input/s2f/trainA/2015-08-28 01:54:14.jpg,input/s2f/trainB/resize000291.jpg
input/s2f/trainA/2015-08-30 04:30:57.jpg,input/s2f/trainB/resize000292.jpg
input/s2f/trainA/2015-08-31 09:41:48.jpg,input/s2f/trainB/resize000293.jpg
input/s2f/trainA/2015-08-31 18:14:34.jpg,input/s2f/trainB/resize000294.jpg
input/s2f/trainA/2015-09-01 11:32:08.jpg,input/s2f/trainB/resize000295.jpg
input/s2f/trainA/2015-09-01 15:36:56.jpg,input/s2f/trainB/resize000298.jpg
input/s2f/trainA/2015-09-02 23:25:58.jpg,input/s2f/trainB/resize000300.jpg
input/s2f/trainA/2015-09-04 12:05:04.jpg,input/s2f/trainB/resize000303.jpg
input/s2f/trainA/2016-08-06 15:03:35.jpg,input/s2f/trainB/resize000304.jpg
input/s2f/trainA/2016-08-07 05:41:24.jpg,input/s2f/trainB/resize000307.jpg
input/s2f/trainA/2016-08-07 19:43:24.jpg,input/s2f/trainB/resize000309.jpg
input/s2f/trainA/2016-08-07 20:08:49.jpg,input/s2f/trainB/resize000310.jpg
input/s2f/trainA/2016-08-07 20:43:23.jpg,input/s2f/trainB/resize000312.jpg
input/s2f/trainA/2016-08-07 21:14:52.jpg,input/s2f/trainB/resize000313.jpg
input/s2f/trainA/2016-08-08 04:07:39.jpg,input/s2f/trainB/resize000316.jpg
input/s2f/trainA/2016-08-08 16:20:05.jpg,input/s2f/trainB/resize000317.jpg
input/s2f/trainA/2016-08-10 02:02:08.jpg,input/s2f/trainB/resize000318.jpg
input/s2f/trainA/2016-08-10 09:17:57.jpg,input/s2f/trainB/resize000320.jpg
input/s2f/trainA/2016-08-10 11:26:13.jpg,input/s2f/trainB/resize000321.jpg
input/s2f/trainA/2016-08-10 12:14:04.jpg,input/s2f/trainB/resize00035.jpg
input/s2f/trainA/2016-08-10 15:36:17.jpg,input/s2f/trainB/resize00036.jpg
input/s2f/trainA/2016-08-11 19:02:44.jpg,input/s2f/trainB/resize00039.jpg
input/s2f/trainA/2016-08-13 00:28:37.jpg,input/s2f/trainB/resiz0162.jpg
input/s2f/trainA/2016-08-13 02:21:25.jpg,input/s2f/trainB/resiz0163.jpg
input/s2f/trainA/2016-08-13 22:10:37.jpg,input/s2f/trainB/resiz0164.jpg
input/s2f/trainA/2016-08-15 09:41:23.jpg,input/s2f/trainB/resiz0165.jpg
input/s2f/trainA/2016-08-16 21:40:14.jpg,input/s2f/trainB/resiz0166.jpg
input/s2f/trainA/2016-08-17 15:19:27.jpg,input/s2f/trainB/resiz0167.jpg
input/s2f/trainA/2016-08-18 08:51:23.jpg,input/s2f/trainB/resiz0168.jpg
input/s2f/trainA/2016-08-19 08:31:05.jpg,input/s2f/trainB/resiz0169.jpg
input/s2f/trainA/2016-08-19 08:32:28.jpg,input/s2f/trainB/resiz0170.jpg
input/s2f/trainA/2016-08-20 19:17:22.jpg,input/s2f/trainB/resiz0171.jpg
input/s2f/trainA/2016-08-20 23:00:34.jpg,input/s2f/trainB/resiz0172.jpg
input/s2f/trainA/2016-08-21 09:39:08.jpg,input/s2f/trainB/resiz0173.jpg
input/s2f/trainA/2016-08-21 12:39:29.jpg,input/s2f/trainB/resiz0174.jpg
input/s2f/trainA/2016-08-21 19:02:07.jpg,input/s2f/trainB/resiz0175.jpg
input/s2f/trainA/2016-08-22 07:20:48.jpg,input/s2f/trainB/resiz0176.jpg
input/s2f/trainA/2013-06-24 00:32:15.jpg,input/s2f/trainB/resiz0177.jpg
input/s2f/trainA/2013-06-24 06:23:19.jpg,input/s2f/trainB/resiz0178.jpg
input/s2f/trainA/2013-06-24 15:26:24.jpg,input/s2f/trainB/resize%3d-234.jpg
input/s2f/trainA/2013-06-24 19:30:19.jpg,input/s2f/trainB/resize%3d-235.jpg
input/s2f/trainA/2013-06-25 04:45:48.jpg,input/s2f/trainB/resize%3d-237.jpg
input/s2f/trainA/2013-06-25 10:15:25.jpg,input/s2f/trainB/resize%3d-238.jpg
input/s2f/trainA/2013-06-25 18:21:37.jpg,input/s2f/trainB/resize000000.jpg
input/s2f/trainA/2013-06-25 21:57:38.jpg,input/s2f/trainB/resize0000000.jpg
input/s2f/trainA/2013-06-25 22:38:29.jpg,input/s2f/trainB/resize00000000.jpg
input/s2f/trainA/2013-06-26 11:38:42.jpg,input/s2f/trainB/resize00000001.jpg
input/s2f/trainA/2013-06-28 20:38:52.jpg,input/s2f/trainB/resize00000002.jpg
input/s2f/trainA/2013-06-30 09:29:27.jpg,input/s2f/trainB/resize00000003.jpg
input/s2f/trainA/2013-07-02 12:13:34.jpg,input/s2f/trainB/resize00000004.jpg
input/s2f/trainA/2013-07-02 19:59:13.jpg,input/s2f/trainB/resize00000005.jpg
input/s2f/trainA/2013-07-03 10:12:18.jpg,input/s2f/trainB/resize00000006.jpg
input/s2f/trainA/2014-07-05 16:01:49.jpg,input/s2f/trainB/resize00000007.jpg
input/s2f/trainA/2014-07-15 16:44:47.jpg,input/s2f/trainB/resize00000008.jpg
input/s2f/trainA/2014-08-08 04:28:48.jpg,input/s2f/trainB/resize00000009.jpg
input/s2f/trainA/2014-08-19 03:20:14.jpg,input/s2f/trainB/resize000100.jpg
input/s2f/trainA/2014-09-01 09:56:57.jpg,input/s2f/trainB/resize000101.jpg
input/s2f/trainA/2014-10-31 21:12:16.jpg,input/s2f/trainB/resize000102.jpg
input/s2f/trainA/2015-05-23 15:48:12.jpg,input/s2f/trainB/resize000103.jpg
input/s2f/trainA/2015-06-11 10:18:16.jpg,input/s2f/trainB/resize000106.jpg
input/s2f/trainA/2015-06-22 13:59:04.jpg,input/s2f/trainB/resize000107.jpg
input/s2f/trainA/2015-06-29 10:47:05.jpg,input/s2f/trainB/resize000109.jpg
input/s2f/trainA/2015-07-04 13:34:49.jpg,input/s2f/trainB/resize00011.jpg
input/s2f/trainA/2015-07-15 07:47:12.jpg,input/s2f/trainB/resize000110.jpg
input/s2f/trainA/2015-07-21 21:10:13.jpg,input/s2f/trainB/resize000111.jpg
input/s2f/trainA/2015-08-03 04:53:52.jpg,input/s2f/trainB/resize000276.jpg
input/s2f/trainA/2015-08-17 20:02:54.jpg,input/s2f/trainB/resize000277.jpg
input/s2f/trainA/2015-09-04 14:21:56.jpg,input/s2f/trainB/resize000278.jpg
input/s2f/trainA/2015-09-29 02:10:02.jpg,input/s2f/trainB/resize000279.jpg
input/s2f/trainA/2016-05-15 14:54:07.jpg,input/s2f/trainB/resized0315.jpg
input/s2f/trainA/2016-05-27 17:16:39.jpg,input/s2f/trainB/resized033.jpg
input/s2f/trainA/2016-06-12 15:33:14.jpg,input/s2f/trainB/resized0350.jpg
input/s2f/trainA/2016-06-22 20:09:22.jpg,input/s2f/trainB/resized0372.jpg
input/s2f/trainA/2016-07-06 19:57:19.jpg,input/s2f/trainB/resized0390.jpg
input/s2f/trainA/2016-07-17 07:35:07.jpg,input/s2f/trainB/resized0416.jpg
input/s2f/trainA/2016-07-27 16:46:28.jpg,input/s2f/trainB/resized0431.jpg
input/s2f/trainA/2016-08-05 00:48:43.jpg,input/s2f/trainB/resized0452.jpg
input/s2f/trainA/2016-08-22 11:54:44.jpg,input/s2f/trainB/resized0500.jpg
input/s2f/trainA/2016-09-05 21:29:59.jpg,input/s2f/trainB/resized0536.jpg
input/s2f/trainA/2016-09-13 14:54:17.jpg,input/s2f/trainB/resized0546.jpg
input/s2f/trainA/2011-06-06 06:40:13.jpg,input/s2f/trainB/resized0562.jpg
input/s2f/trainA/2011-06-06 21:06:06.jpg,input/s2f/trainB/resize000137.jpg
input/s2f/trainA/2011-06-07 13:42:28.jpg,input/s2f/trainB/resized018.jpg
input/s2f/trainA/2011-06-09 09:29:25.jpg,input/s2f/trainB/resized0579.jpg
input/s2f/trainA/2011-06-10 01:19:14.jpg,input/s2f/trainB/resized269.jpg
input/s2f/trainA/2011-06-10 11:07:35.jpg,input/s2f/trainB/resize00050.jpg
input/s2f/trainA/2011-06-10 18:57:09.jpg,input/s2f/trainB/resize00051.jpg
input/s2f/trainA/2011-06-11 09:17:48.jpg,input/s2f/trainB/resize00054.jpg
input/s2f/trainA/2011-06-11 12:24:25.jpg,input/s2f/trainB/resize00055.jpg
input/s2f/trainA/2011-06-11 14:19:42.jpg,input/s2f/trainB/resize00065.jpg
input/s2f/trainA/2011-06-11 14:48:42.jpg,input/s2f/trainB/resize00066.jpg
input/s2f/trainA/2011-06-12 13:08:47.jpg,input/s2f/trainB/resize00068.jpg
input/s2f/trainA/2011-06-13 11:13:26.jpg,input/s2f/trainB/resize00071.jpg
input/s2f/trainA/2011-06-13 11:54:12.jpg,input/s2f/trainB/resize00074.jpg
input/s2f/trainA/2011-06-13 18:41:03.jpg,input/s2f/trainB/resize00079.jpg
input/s2f/trainA/2011-06-14 11:10:27.jpg,input/s2f/trainB/resize00085.jpg
input/s2f/trainA/2011-06-14 13:33:53.jpg,input/s2f/trainB/resize00086.jpg
input/s2f/trainA/2011-06-22 13:46:17.jpg,input/s2f/trainB/resize00087.jpg
input/s2f/trainA/2011-06-23 17:51:49.jpg,input/s2f/trainB/resize00089.jpg
input/s2f/trainA/2011-06-24 02:36:16.jpg,input/s2f/trainB/resize00090.jpg
input/s2f/trainA/2011-06-24 20:56:22.jpg,input/s2f/trainB/resiz0180.jpg
input/s2f/trainA/2011-06-25 11:10:49.jpg,input/s2f/trainB/resiz0181.jpg
input/s2f/trainA/2011-06-25 18:53:13.jpg,input/s2f/trainB/resiz0182.jpg
input/s2f/trainA/2011-06-26 17:58:48.jpg,input/s2f/trainB/resiz0183.jpg
input/s2f/trainA/2011-06-26 18:41:14.jpg,input/s2f/trainB/resiz0184.jpg
input/s2f/trainA/2011-06-26 21:13:18.jpg,input/s2f/trainB/resiz0185.jpg
input/s2f/trainA/2011-06-27 01:06:52.jpg,input/s2f/trainB/resiz0186.jpg
input/s2f/trainA/2011-06-27 10:27:55.jpg,input/s2f/trainB/resiz0187.jpg
input/s2f/trainA/2011-06-27 10:49:57.jpg,input/s2f/trainB/resiz0188.jpg
input/s2f/trainA/2011-06-27 10:59:38.jpg,input/s2f/trainB/resiz0189.jpg
input/s2f/trainA/2011-06-27 20:24:39.jpg,input/s2f/trainB/resiz0190.jpg
input/s2f/trainA/2011-06-28 08:45:48.jpg,input/s2f/trainB/resiz0191.jpg
input/s2f/trainA/2011-06-28 14:13:16.jpg,input/s2f/trainB/resiz0192.jpg
input/s2f/trainA/2011-06-28 20:00:43.jpg,input/s2f/trainB/resiz0193.jpg
input/s2f/trainA/2011-06-29 08:11:24.jpg,input/s2f/trainB/resiz0194.jpg
input/s2f/trainA/2011-06-30 16:41:08.jpg,input/s2f/trainB/resiz0195.jpg
input/s2f/trainA/2011-06-30 18:09:33.jpg,input/s2f/trainB/resiz0196.jpg
input/s2f/trainA/2011-07-01 15:09:16.jpg,input/s2f/trainB/resiz0197.jpg
input/s2f/trainA/2011-07-01 15:59:44.jpg,input/s2f/trainB/resiz0198.jpg
input/s2f/trainA/2016-06-12 18:48:28.jpg,input/s2f/trainB/resiz0199.jpg
input/s2f/trainA/2016-06-13 13:57:54.jpg,input/s2f/trainB/resiz0200.jpg
input/s2f/trainA/2016-06-13 17:19:05.jpg,input/s2f/trainB/resiz0201.jpg
input/s2f/trainA/2016-06-13 20:47:49.jpg,input/s2f/trainB/resiz0202.jpg
input/s2f/trainA/2016-06-14 12:23:25.jpg,input/s2f/trainB/resiz0203.jpg
input/s2f/trainA/2016-06-16 13:35:44.jpg,input/s2f/trainB/resiz0204.jpg
input/s2f/trainA/2016-06-16 23:36:39.jpg,input/s2f/trainB/resiz0205.jpg
input/s2f/trainA/2016-06-17 06:08:16.jpg,input/s2f/trainB/resiz0206.jpg
input/s2f/trainA/2016-06-17 13:07:33.jpg,input/s2f/trainB/resiz0207.jpg
input/s2f/trainA/2016-06-17 15:57:36.jpg,input/s2f/trainB/resiz0208.jpg
input/s2f/trainA/2016-06-18 13:47:36.jpg,input/s2f/trainB/resiz0209.jpg
input/s2f/trainA/2016-06-18 18:32:53.jpg,input/s2f/trainB/resiz0210.jpg
input/s2f/trainA/2016-06-19 20:35:56.jpg,input/s2f/trainB/resiz0211.jpg
input/s2f/trainA/2016-06-20 01:25:42.jpg,input/s2f/trainB/resize%3d-0.jpg
input/s2f/trainA/2016-06-21 15:46:49.jpg,input/s2f/trainB/resize%3d-1.jpg
input/s2f/trainA/2016-06-21 23:03:49.jpg,input/s2f/trainB/resize000158.jpg
input/s2f/trainA/2016-06-22 11:18:33.jpg,input/s2f/trainB/resize000177.jpg
input/s2f/trainA/2013-05-18 12:10:06.jpg,input/s2f/trainB/resize000193.jpg
input/s2f/trainA/2013-05-19 15:50:15.jpg,input/s2f/trainB/resize000211.jpg
input/s2f/trainA/2013-05-22 10:02:38.jpg,input/s2f/trainB/resize000227.jpg
input/s2f/trainA/2013-05-22 13:51:52.jpg,input/s2f/trainB/resize00027.jpg
input/s2f/trainA/2013-05-25 06:52:13.jpg,input/s2f/trainB/resize000280.jpg
input/s2f/trainA/2013-05-25 18:21:08.jpg,input/s2f/trainB/resize000297.jpg
input/s2f/trainA/2013-05-26 19:14:42.jpg,input/s2f/trainB/resize00049.jpg
input/s2f/trainA/2013-05-27 01:29:08.jpg,input/s2f/trainB/resize00064.jpg
input/s2f/trainA/2013-05-27 19:06:44.jpg,input/s2f/trainB/resize00082.jpg
input/s2f/trainA/2013-05-30 19:32:29.jpg,input/s2f/trainB/resize00164.jpg
input/s2f/trainA/2013-06-01 09:21:55.jpg,input/s2f/trainB/resize00170.jpg
input/s2f/trainA/2013-06-01 14:34:42.jpg,input/s2f/trainB/resized002.jpg
input/s2f/trainA/2013-06-02 05:46:39.jpg,input/s2f/trainB/resized004.jpg
input/s2f/trainA/2013-06-02 14:29:53.jpg,input/s2f/trainB/resize00000010.jpg
input/s2f/trainA/2013-06-02 16:50:07.jpg,input/s2f/trainB/resize00000011.jpg
input/s2f/trainA/2013-06-05 20:47:05.jpg,input/s2f/trainB/resize00000012.jpg
input/s2f/trainA/2011-08-23 16:04:06.jpg,input/s2f/trainB/resize00000013.jpg
input/s2f/trainA/2011-08-23 23:05:24.jpg,input/s2f/trainB/resize00000014.jpg
input/s2f/trainA/2011-08-24 13:17:22.jpg,input/s2f/trainB/resize00000015.jpg
input/s2f/trainA/2011-08-26 18:11:04.jpg,input/s2f/trainB/resize00000016.jpg
input/s2f/trainA/2011-08-26 19:24:37.jpg,input/s2f/trainB/resize00000017.jpg
input/s2f/trainA/2011-08-27 07:14:02.jpg,input/s2f/trainB/resize00000018.jpg
input/s2f/trainA/2011-08-27 17:42:43.jpg,input/s2f/trainB/resize00000019.jpg
input/s2f/trainA/2011-08-27 21:06:37.jpg,input/s2f/trainB/resize0000002.jpg
input/s2f/trainA/2011-08-27 22:08:52.jpg,input/s2f/trainB/resize00000020.jpg
input/s2f/trainA/2011-08-28 05:55:38.jpg,input/s2f/trainB/resize00000021.jpg
input/s2f/trainA/2011-08-28 07:56:24.jpg,input/s2f/trainB/resize00000022.jpg
input/s2f/trainA/2011-08-28 21:27:59.jpg,input/s2f/trainB/resize00000023.jpg
input/s2f/trainA/2011-08-30 20:24:08.jpg,input/s2f/trainB/resize00000024.jpg
input/s2f/trainA/2011-08-31 06:52:34.jpg,input/s2f/trainB/resize00165.jpg
input/s2f/trainA/2011-09-01 13:44:45.jpg,input/s2f/trainB/resize00174.jpg
input/s2f/trainA/2011-09-03 13:43:32.jpg,input/s2f/trainB/resize00177.jpg
input/s2f/trainA/2011-09-03 16:40:04.jpg,input/s2f/trainB/resize00178.jpg
input/s2f/trainA/2011-09-05 03:02:57.jpg,input/s2f/trainB/resize00180.jpg
input/s2f/trainA/2011-09-06 00:44:43.jpg,input/s2f/trainB/resize00183.jpg
input/s2f/trainA/2011-09-07 09:07:45.jpg,input/s2f/trainB/resize00184.jpg
input/s2f/trainA/2011-09-07 12:29:45.jpg,input/s2f/trainB/resize00185.jpg
input/s2f/trainA/2011-09-07 16:54:42.jpg,input/s2f/trainB/resized0000.jpg
input/s2f/trainA/2011-09-08 02:30:23.jpg,input/s2f/trainB/resized0001.jpg
input/s2f/trainA/2011-09-08 10:57:37.jpg,input/s2f/trainB/resized0005.jpg
input/s2f/trainA/2012-06-12 09:12:49.jpg,input/s2f/trainB/resized0008.jpg
input/s2f/trainA/2012-06-12 16:15:19.jpg,input/s2f/trainB/resized001.jpg
input/s2f/trainA/2012-06-12 19:13:58.jpg,input/s2f/trainB/resized0010.jpg
input/s2f/trainA/2012-06-12 19:16:15.jpg,input/s2f/trainB/resize00000090.jpg
input/s2f/trainA/2012-06-12 22:36:02.jpg,input/s2f/trainB/resize00000091.jpg
input/s2f/trainA/2012-06-13 02:11:06.jpg,input/s2f/trainB/resize00000092.jpg
input/s2f/trainA/2012-06-14 17:12:05.jpg,input/s2f/trainB/resize00000093.jpg
input/s2f/trainA/2012-06-15 09:48:43.jpg,input/s2f/trainB/resize00000094.jpg
input/s2f/trainA/2012-06-16 15:12:07.jpg,input/s2f/trainB/resize00000095.jpg
input/s2f/trainA/2012-06-16 18:54:55.jpg,input/s2f/trainB/resize00000096.jpg
input/s2f/trainA/2012-06-16 18:58:32.jpg,input/s2f/trainB/resize00000097.jpg
input/s2f/trainA/2012-06-17 14:49:18.jpg,input/s2f/trainB/resize00000098.jpg
input/s2f/trainA/2012-06-17 22:08:15.jpg,input/s2f/trainB/resize00000099.jpg
input/s2f/trainA/2012-06-18 18:15:08.jpg,input/s2f/trainB/resize000001.jpg
input/s2f/trainA/2012-06-19 18:19:25.jpg,input/s2f/trainB/resize0000010.jpg
input/s2f/trainA/2012-06-20 12:38:15.jpg,input/s2f/trainB/resize00000100.jpg
input/s2f/trainA/2015-10-01 18:02:38.jpg,input/s2f/trainB/resize00000101.jpg
input/s2f/trainA/2015-10-01 21:38:04.jpg,input/s2f/trainB/resize00000102.jpg
input/s2f/trainA/2015-10-27 21:01:02.jpg,input/s2f/trainB/resize00000103.jpg
input/s2f/trainA/2015-11-18 02:37:24.jpg,input/s2f/trainB/resize00000104.jpg
input/s2f/trainA/2015-11-18 11:38:09.jpg,input/s2f/trainB/resize00000105.jpg
input/s2f/trainA/2015-11-18 17:37:27.jpg,input/s2f/trainB/resize0000011.jpg
input/s2f/trainA/2015-11-22 00:56:39.jpg,input/s2f/trainB/resize0000012.jpg
input/s2f/trainA/2015-11-25 21:09:53.jpg,input/s2f/trainB/resize0000013.jpg
input/s2f/trainA/2015-12-10 08:33:16.jpg,input/s2f/trainB/resize0000014.jpg
input/s2f/trainA/2015-12-28 15:49:17.jpg,input/s2f/trainB/resize0000015.jpg
input/s2f/trainA/2016-01-17 22:27:37.jpg,input/s2f/trainB/resize0000016.jpg
input/s2f/trainA/2016-01-31 03:25:26.jpg,input/s2f/trainB/resize0000017.jpg
input/s2f/trainA/2016-02-02 00:50:53.jpg,input/s2f/trainB/resize0000018.jpg
input/s2f/trainA/2016-02-10 21:18:43.jpg,input/s2f/trainB/resize0000019.jpg
input/s2f/trainA/2016-04-07 15:55:58.jpg,input/s2f/trainB/resize000002.jpg
input/s2f/trainA/2016-04-08 05:27:23.jpg,input/s2f/trainB/resize0000020.jpg
input/s2f/trainA/2016-04-30 03:57:38.jpg,input/s2f/trainB/resize0000021.jpg
input/s2f/trainA/2014-07-05 20:05:04.jpg,input/s2f/trainB/resize0000022.jpg
input/s2f/trainA/2014-07-06 18:53:19.jpg,input/s2f/trainB/resize0000023.jpg
input/s2f/trainA/2014-07-07 17:22:03.jpg,input/s2f/trainB/resize0000025.jpg
input/s2f/trainA/2014-07-07 18:00:52.jpg,input/s2f/trainB/resize0000026.jpg
input/s2f/trainA/2014-07-08 15:50:42.jpg,input/s2f/trainB/resize0000027.jpg
input/s2f/trainA/2014-07-08 21:55:29.jpg,input/s2f/trainB/resize0000028.jpg
input/s2f/trainA/2014-07-10 17:38:57.jpg,input/s2f/trainB/resize0000029.jpg
input/s2f/trainA/2014-07-11 20:16:56.jpg,input/s2f/trainB/resize0000030.jpg
input/s2f/trainA/2014-07-13 01:12:07.jpg,input/s2f/trainB/resize0000031.jpg
input/s2f/trainA/2014-07-14 05:30:04.jpg,input/s2f/trainB/resize0000032.jpg
input/s2f/trainA/2014-07-14 20:17:08.jpg,input/s2f/trainB/resize0000033.jpg
input/s2f/trainA/2014-07-14 20:31:27.jpg,input/s2f/trainB/resize0000034.jpg
input/s2f/trainA/2014-07-14 22:37:58.jpg,input/s2f/trainB/resize0000035.jpg
input/s2f/trainA/2014-07-15 05:01:27.jpg,input/s2f/trainB/resize0000036.jpg
input/s2f/trainA/2014-07-15 12:17:14.jpg,input/s2f/trainB/resize0000037.jpg
input/s2f/trainA/2012-07-18 08:16:18.jpg,input/s2f/trainB/resize0000038.jpg
input/s2f/trainA/2012-07-18 21:23:07.jpg,input/s2f/trainB/resize0000039.jpg
input/s2f/trainA/2012-07-19 05:01:39.jpg,input/s2f/trainB/resize000004.jpg
input/s2f/trainA/2012-07-19 06:59:54.jpg,input/s2f/trainB/resize0000040.jpg
input/s2f/trainA/2012-07-20 19:58:48.jpg,input/s2f/trainB/resize0000041.jpg
input/s2f/trainA/2012-07-20 20:00:15.jpg,input/s2f/trainB/resize0000042.jpg
input/s2f/trainA/2012-07-20 23:06:36.jpg,input/s2f/trainB/resize0000043.jpg
input/s2f/trainA/2012-07-21 16:29:27.jpg,input/s2f/trainB/resize0000044.jpg
input/s2f/trainA/2012-07-24 18:29:34.jpg,input/s2f/trainB/resize0000045.jpg
input/s2f/trainA/2012-07-24 19:25:34.jpg,input/s2f/trainB/resize0000046.jpg
input/s2f/trainA/2012-07-27 17:20:57.jpg,input/s2f/trainB/resize0000047.jpg
input/s2f/trainA/2012-07-27 17:35:59.jpg,input/s2f/trainB/resize0000048.jpg
input/s2f/trainA/2012-07-28 06:08:26.jpg,input/s2f/trainB/resize0000049.jpg
input/s2f/trainA/2012-07-28 13:13:33.jpg,input/s2f/trainB/resize000005.jpg
input/s2f/trainA/2012-07-29 05:49:42.jpg,input/s2f/trainB/resize0000050.jpg
input/s2f/trainA/2012-07-30 14:42:28.jpg,input/s2f/trainB/resize0000051.jpg
input/s2f/trainA/2012-07-31 21:17:27.jpg,input/s2f/trainB/resize0000052.jpg
input/s2f/trainA/2012-08-01 23:34:45.jpg,input/s2f/trainB/resize000006.jpg
input/s2f/trainA/2012-08-03 04:25:39.jpg,input/s2f/trainB/resize000007.jpg
input/s2f/trainA/2012-08-03 13:40:45.jpg,input/s2f/trainB/resize000009.jpg
input/s2f/trainA/2012-08-05 13:08:05.jpg,input/s2f/trainB/resize00000026.jpg
input/s2f/trainA/2016-09-13 23:58:54.jpg,input/s2f/trainB/resize00000027.jpg
input/s2f/trainA/2016-09-14 03:30:15.jpg,input/s2f/trainB/resize00000028.jpg
input/s2f/trainA/2016-09-14 05:35:47.jpg,input/s2f/trainB/resize00000029.jpg
input/s2f/trainA/2016-09-14 10:49:54.jpg,input/s2f/trainB/resize0000003.jpg
input/s2f/trainA/2016-09-14 13:36:44.jpg,input/s2f/trainB/resize00000030.jpg
input/s2f/trainA/2016-09-14 17:51:46.jpg,input/s2f/trainB/resize00000031.jpg
input/s2f/trainA/2016-09-14 21:28:53.jpg,input/s2f/trainB/resize00000032.jpg
input/s2f/trainA/2016-09-25 08:37:53.jpg,input/s2f/trainB/resize00000033.jpg
input/s2f/trainA/2016-10-11 10:38:28.jpg,input/s2f/trainB/resize00000034.jpg
input/s2f/trainA/2016-10-14 14:49:49.jpg,input/s2f/trainB/resize00000035.jpg
input/s2f/trainA/2016-12-30 20:01:54.jpg,input/s2f/trainB/resize00000036.jpg
input/s2f/trainA/2017-01-30 13:36:29.jpg,input/s2f/trainB/resize00000037.jpg
input/s2f/trainA/2017-02-12 13:10:05.jpg,input/s2f/trainB/resize00000038.jpg
input/s2f/trainA/2017-03-05 05:37:07.jpg,input/s2f/trainB/resize00000039.jpg
input/s2f/trainA/2017-03-08 21:46:34.jpg,input/s2f/trainB/resize0000004.jpg
input/s2f/trainA/2017-03-13 03:05:48.jpg,input/s2f/trainB/resize00000041.jpg
input/s2f/trainA/2017-03-14 10:23:56.jpg,input/s2f/trainB/resize00000042.jpg
input/s2f/trainA/2015-07-15 18:54:09.jpg,input/s2f/trainB/resize00000043.jpg
input/s2f/trainA/2015-07-16 19:47:18.jpg,input/s2f/trainB/resize00000044.jpg
input/s2f/trainA/2015-07-16 21:34:39.jpg,input/s2f/trainB/resize00000045.jpg
input/s2f/trainA/2015-07-16 21:44:25.jpg,input/s2f/trainB/resize00000046.jpg
input/s2f/trainA/2015-07-17 19:24:18.jpg,input/s2f/trainB/resize00000047.jpg
input/s2f/trainA/2015-07-18 04:50:54.jpg,input/s2f/trainB/resize00000048.jpg
input/s2f/trainA/2015-07-18 13:50:14.jpg,input/s2f/trainB/resize00000049.jpg
input/s2f/trainA/2015-07-19 07:39:45.jpg,input/s2f/trainB/resize0000005.jpg
input/s2f/trainA/2015-07-19 16:27:43.jpg,input/s2f/trainB/resize00000050.jpg
input/s2f/trainA/2015-07-19 16:54:03.jpg,input/s2f/trainB/resize00000051.jpg
input/s2f/trainA/2015-07-19 20:28:53.jpg,input/s2f/trainB/resize00000052.jpg
input/s2f/trainA/2015-07-20 10:38:12.jpg,input/s2f/trainB/resize00000053.jpg
input/s2f/trainA/2015-07-20 17:39:23.jpg,input/s2f/trainB/resize00000054.jpg
input/s2f/trainA/2015-07-20 21:30:35.jpg,input/s2f/trainB/resize00000055.jpg
input/s2f/trainA/2015-07-20 21:59:53.jpg,input/s2f/trainB/resize00000057.jpg
input/s2f/trainA/2012-08-07 08:22:59.jpg,input/s2f/trainB/resize00000058.jpg
input/s2f/trainA/2012-08-07 08:25:59.jpg,input/s2f/trainB/resize00000059.jpg
input/s2f/trainA/2012-08-08 15:20:26.jpg,input/s2f/trainB/resize0000006.jpg
input/s2f/trainA/2012-08-10 18:34:09.jpg,input/s2f/trainB/resize00000060.jpg
input/s2f/trainA/2012-08-10 21:39:02.jpg,input/s2f/trainB/resize00000061.jpg
input/s2f/trainA/2012-08-11 19:02:13.jpg,input/s2f/trainB/resize00000062.jpg
input/s2f/trainA/2012-08-11 19:06:25.jpg,input/s2f/trainB/resize00000063.jpg
input/s2f/trainA/2012-08-12 00:33:04.jpg,input/s2f/trainB/resize00000064.jpg
input/s2f/trainA/2012-08-12 02:03:58.jpg,input/s2f/trainB/resize00000065.jpg
input/s2f/trainA/2012-08-12 13:31:52.jpg,input/s2f/trainB/resize00000066.jpg
input/s2f/trainA/2012-08-13 08:08:27.jpg,input/s2f/trainB/resize00000067.jpg
input/s2f/trainA/2012-08-15 01:54:39.jpg,input/s2f/trainB/resize00000068.jpg
input/s2f/trainA/2012-08-15 09:53:27.jpg,input/s2f/trainB/resize00000069.jpg
input/s2f/trainA/2012-08-15 16:27:18.jpg,input/s2f/trainB/resize0000007.jpg
input/s2f/trainA/2012-08-16 17:30:45.jpg,input/s2f/trainB/resize00000070.jpg
input/s2f/trainA/2012-08-17 06:12:35.jpg,input/s2f/trainB/resize00000072.jpg
input/s2f/trainA/2012-08-17 13:29:12.jpg,input/s2f/trainB/resize00000073.jpg
input/s2f/trainA/2012-08-17 16:51:54.jpg,input/s2f/trainB/resize00000074.jpg
input/s2f/trainA/2012-08-17 18:26:47.jpg,input/s2f/trainB/resize00000075.jpg
input/s2f/trainA/2012-08-18 23:29:18.jpg,input/s2f/trainB/resize00000076.jpg
input/s2f/trainA/2012-08-19 13:12:44.jpg,input/s2f/trainB/resize00000077.jpg
input/s2f/trainA/2012-08-19 17:18:04.jpg,input/s2f/trainB/resize00000078.jpg
input/s2f/trainA/2012-08-19 18:58:39.jpg,input/s2f/trainB/resize00000079.jpg
input/s2f/trainA/2012-08-20 20:56:07.jpg,input/s2f/trainB/resize0000008.jpg
input/s2f/trainA/2012-08-23 08:43:59.jpg,input/s2f/trainB/resize00000080.jpg
input/s2f/trainA/2012-08-24 12:54:33.jpg,input/s2f/trainB/resize00000081.jpg
input/s2f/trainA/2013-07-04 19:35:59.jpg,input/s2f/trainB/resize00000082.jpg
input/s2f/trainA/2013-07-06 17:30:17.jpg,input/s2f/trainB/resize00000083.jpg
input/s2f/trainA/2013-07-07 15:25:06.jpg,input/s2f/trainB/resize00000084.jpg
input/s2f/trainA/2013-07-08 17:57:48.jpg,input/s2f/trainB/resize00000085.jpg
input/s2f/trainA/2013-07-09 12:01:15.jpg,input/s2f/trainB/resize00000086.jpg
input/s2f/trainA/2013-07-12 14:04:28.jpg,input/s2f/trainB/resize00000087.jpg
input/s2f/trainA/2013-07-12 14:49:05.jpg,input/s2f/trainB/resize00000088.jpg
input/s2f/trainA/2013-07-13 04:05:49.jpg,input/s2f/trainB/resize00000089.jpg
input/s2f/trainA/2013-07-14 06:39:09.jpg,input/s2f/trainB/resiz0000.jpg
input/s2f/trainA/2013-07-15 12:53:24.jpg,input/s2f/trainB/resiz0001.jpg
input/s2f/trainA/2013-07-15 21:12:17.jpg,input/s2f/trainB/resiz0002.jpg
input/s2f/trainA/2013-07-15 21:31:46.jpg,input/s2f/trainB/resiz0003.jpg
input/s2f/trainA/2013-07-16 00:17:37.jpg,input/s2f/trainB/resiz0004.jpg
input/s2f/trainA/2013-07-17 03:13:45.jpg,input/s2f/trainB/resiz0005.jpg
input/s2f/trainA/2013-07-17 14:53:25.jpg,input/s2f/trainB/resiz0006.jpg
input/s2f/trainA/2015-06-29 13:45:12.jpg,input/s2f/trainB/resiz0007.jpg
input/s2f/trainA/2015-06-30 10:15:57.jpg,input/s2f/trainB/resiz0008.jpg
input/s2f/trainA/2015-06-30 22:20:25.jpg,input/s2f/trainB/resiz0009.jpg
input/s2f/trainA/2015-06-30 22:28:37.jpg,input/s2f/trainB/resiz0010.jpg
input/s2f/trainA/2015-07-01 01:19:47.jpg,input/s2f/trainB/resiz0011.jpg
input/s2f/trainA/2015-07-01 17:43:23.jpg,input/s2f/trainB/resiz0012.jpg
input/s2f/trainA/2015-07-01 23:43:46.jpg,input/s2f/trainB/resiz0013.jpg
input/s2f/trainA/2015-07-02 14:36:54.jpg,input/s2f/trainB/resiz0014.jpg
input/s2f/trainA/2015-07-02 19:54:16.jpg,input/s2f/trainB/resiz0015.jpg
input/s2f/trainA/2015-07-03 09:39:09.jpg,input/s2f/trainB/resiz0016.jpg
input/s2f/trainA/2015-07-03 12:24:26.jpg,input/s2f/trainB/resized022.jpg
input/s2f/trainA/2015-07-03 14:35:56.jpg,input/s2f/trainB/resized030.jpg
input/s2f/trainA/2015-07-03 20:11:57.jpg,input/s2f/trainB/resized031.jpg
input/s2f/trainA/2015-07-04 01:15:17.jpg,input/s2f/trainB/resized0310.jpg
input/s2f/trainA/2015-07-04 13:01:03.jpg,input/s2f/trainB/resized0312.jpg
input/s2f/trainA/2015-06-13 02:09:54.jpg,input/s2f/trainB/resized0351.jpg
input/s2f/trainA/2015-06-13 19:28:56.jpg,input/s2f/trainB/resized0352.jpg
input/s2f/trainA/2015-06-13 22:26:12.jpg,input/s2f/trainB/resized0353.jpg
input/s2f/trainA/2015-06-16 15:43:24.jpg,input/s2f/trainB/resized0354.jpg
input/s2f/trainA/2015-06-17 02:57:53.jpg,input/s2f/trainB/resized0359.jpg
input/s2f/trainA/2015-06-17 18:20:47.jpg,input/s2f/trainB/resized0362.jpg
input/s2f/trainA/2015-06-19 20:42:18.jpg,input/s2f/trainB/resized0364.jpg
input/s2f/trainA/2015-06-19 21:31:25.jpg,input/s2f/trainB/resized0538.jpg
input/s2f/trainA/2015-06-20 09:46:17.jpg,input/s2f/trainB/resized0542.jpg
input/s2f/trainA/2015-06-20 10:48:25.jpg,input/s2f/trainB/resiz0017.jpg
input/s2f/trainA/2015-06-20 11:47:02.jpg,input/s2f/trainB/resiz0035.jpg
input/s2f/trainA/2015-06-20 16:21:04.jpg,input/s2f/trainB/resiz0053.jpg
input/s2f/trainA/2015-06-20 20:24:39.jpg,input/s2f/trainB/resiz0071.jpg
input/s2f/trainA/2015-06-21 19:27:03.jpg,input/s2f/trainB/resiz0089.jpg
input/s2f/trainA/2015-06-22 13:14:16.jpg,input/s2f/trainB/resiz0107.jpg
input/s2f/trainA/2015-07-22 12:32:56.jpg,input/s2f/trainB/resiz0125.jpg
input/s2f/trainA/2015-07-22 19:45:43.jpg,input/s2f/trainB/resiz0143.jpg
input/s2f/trainA/2015-07-23 09:56:29.jpg,input/s2f/trainB/resiz0161.jpg
input/s2f/trainA/2015-07-23 12:51:24.jpg,input/s2f/trainB/resiz0179.jpg
input/s2f/trainA/2015-07-23 19:06:35.jpg,input/s2f/trainB/resize%3d-233.jpg
input/s2f/trainA/2015-07-24 14:22:17.jpg,input/s2f/trainB/resize0000001.jpg
input/s2f/trainA/2015-07-25 16:30:37.jpg,input/s2f/trainB/resize00000025.jpg
input/s2f/trainA/2015-07-25 21:40:48.jpg,input/s2f/trainB/resize00000040.jpg
input/s2f/trainA/2015-07-26 08:24:59.jpg,input/s2f/trainB/resize00000056.jpg
input/s2f/trainA/2015-07-27 01:29:59.jpg,input/s2f/trainB/resize00000071.jpg
input/s2f/trainA/2015-07-28 11:01:03.jpg,input/s2f/trainB/resize0000009.jpg
input/s2f/trainA/2015-07-28 12:36:04.jpg,input/s2f/trainB/resize0000024.jpg
input/s2f/trainA/2015-07-28 16:40:35.jpg,input/s2f/trainB/resize000010.jpg
input/s2f/trainA/2015-07-28 20:02:28.jpg,input/s2f/trainB/resize000026.jpg
input/s2f/trainA/2015-07-29 16:46:14.jpg,input/s2f/trainB/resize000045.jpg
input/s2f/trainA/2015-07-29 20:31:04.jpg,input/s2f/trainB/resize000065.jpg
input/s2f/trainA/2015-07-30 04:44:07.jpg,input/s2f/trainB/resize00010.jpg
input/s2f/trainA/2015-07-30 13:20:47.jpg,input/s2f/trainB/resize00012.jpg
input/s2f/trainA/2015-07-30 18:49:03.jpg,input/s2f/trainB/resized349.jpg
input/s2f/trainA/2015-07-31 19:11:25.jpg,input/s2f/trainB/resized350.jpg
input/s2f/trainA/2015-07-31 23:33:26.jpg,input/s2f/trainB/resized351.jpg
input/s2f/trainA/2015-08-01 11:22:59.jpg,input/s2f/trainB/resized352.jpg
input/s2f/trainA/2015-08-01 13:30:47.jpg,input/s2f/trainB/resized353.jpg
input/s2f/trainA/2015-08-01 14:23:02.jpg,input/s2f/trainB/resized354.jpg
input/s2f/trainA/2015-08-01 14:49:46.jpg,input/s2f/trainB/resized217.jpg
input/s2f/trainA/2015-08-01 20:02:54.jpg,input/s2f/trainB/resized218.jpg
input/s2f/trainA/2015-08-01 20:10:37.jpg,input/s2f/trainB/resized221.jpg
input/s2f/trainA/2015-08-02 02:14:24.jpg,input/s2f/trainB/resized225.jpg
input/s2f/trainA/2015-08-02 06:38:35.jpg,input/s2f/trainB/resized226.jpg
input/s2f/trainA/2012-05-30 06:35:44.jpg,input/s2f/trainB/resized228.jpg
input/s2f/trainA/2012-06-01 02:17:48.jpg,input/s2f/trainB/resized202.jpg
input/s2f/trainA/2012-06-01 16:14:33.jpg,input/s2f/trainB/resized207.jpg
input/s2f/trainA/2012-06-01 19:37:52.jpg,input/s2f/trainB/resized176.jpg
input/s2f/trainA/2012-06-03 20:17:16.jpg,input/s2f/trainB/resized177.jpg
input/s2f/trainA/2012-06-04 13:38:16.jpg,input/s2f/trainB/resized178.jpg
input/s2f/trainA/2012-06-04 19:59:13.jpg,input/s2f/trainB/resized179.jpg
input/s2f/trainA/2012-06-05 06:09:05.jpg,input/s2f/trainB/resized182.jpg
input/s2f/trainA/2012-06-05 12:27:14.jpg,input/s2f/trainB/resized192.jpg
input/s2f/trainA/2012-06-06 05:54:05.jpg,input/s2f/trainB/resized158.jpg
input/s2f/trainA/2012-06-06 10:23:22.jpg,input/s2f/trainB/resized159.jpg
input/s2f/trainA/2012-06-08 10:03:58.jpg,input/s2f/trainB/resized160.jpg
input/s2f/trainA/2012-06-09 19:49:22.jpg,input/s2f/trainB/resized161.jpg
input/s2f/trainA/2012-06-10 11:56:53.jpg,input/s2f/trainB/resized163.jpg
input/s2f/trainA/2012-06-10 17:12:49.jpg,input/s2f/trainB/resized164.jpg
input/s2f/trainA/2013-07-17 21:01:55.jpg,input/s2f/trainB/resized165.jpg
input/s2f/trainA/2013-07-19 16:58:23.jpg,input/s2f/trainB/resized166.jpg
input/s2f/trainA/2013-07-19 17:13:59.jpg,input/s2f/trainB/resized167.jpg
input/s2f/trainA/2013-07-20 01:19:13.jpg,input/s2f/trainB/resized168.jpg
input/s2f/trainA/2013-07-20 13:18:56.jpg,input/s2f/trainB/resized169.jpg
input/s2f/trainA/2013-07-20 14:55:02.jpg,input/s2f/trainB/resized170.jpg
input/s2f/trainA/2013-07-20 17:25:33.jpg,input/s2f/trainB/resized171.jpg
input/s2f/trainA/2013-07-21 06:18:45.jpg,input/s2f/trainB/resized172.jpg
input/s2f/trainA/2013-07-22 06:08:08.jpg,input/s2f/trainB/resized173.jpg
input/s2f/trainA/2013-07-22 14:06:24.jpg,input/s2f/trainB/resized174.jpg
input/s2f/trainA/2013-07-22 23:21:24.jpg,input/s2f/trainB/resized140.jpg
input/s2f/trainA/2013-07-24 18:56:26.jpg,input/s2f/trainB/resized141.jpg
input/s2f/trainA/2013-07-26 17:38:23.jpg,input/s2f/trainB/resized142.jpg
input/s2f/trainA/2013-07-26 22:58:48.jpg,input/s2f/trainB/resized143.jpg
input/s2f/trainA/2013-07-27 17:34:56.jpg,input/s2f/trainB/resized144.jpg
input/s2f/trainA/2013-07-27 18:00:56.jpg,input/s2f/trainB/resized145.jpg
input/s2f/trainA/2013-07-28 02:39:42.jpg,input/s2f/trainB/resized146.jpg
input/s2f/trainA/2013-07-28 12:27:06.jpg,input/s2f/trainB/resized147.jpg
input/s2f/trainA/2013-07-28 14:28:19.jpg,input/s2f/trainB/resized148.jpg
input/s2f/trainA/2013-07-28 20:06:34.jpg,input/s2f/trainB/resized149.jpg
input/s2f/trainA/2013-07-29 09:31:29.jpg,input/s2f/trainB/resized150.jpg
input/s2f/trainA/2013-07-29 12:00:02.jpg,input/s2f/trainB/resized151.jpg
input/s2f/trainA/2013-07-29 19:19:05.jpg,input/s2f/trainB/resized152.jpg
input/s2f/trainA/2013-07-29 19:27:22.jpg,input/s2f/trainB/resized154.jpg
input/s2f/trainA/2012-08-25 13:19:04.jpg,input/s2f/trainB/resized155.jpg
input/s2f/trainA/2012-08-25 14:03:09.jpg,input/s2f/trainB/resized156.jpg
input/s2f/trainA/2012-08-27 11:56:46.jpg,input/s2f/trainB/resized122.jpg
input/s2f/trainA/2012-08-27 19:31:13.jpg,input/s2f/trainB/resized123.jpg
input/s2f/trainA/2012-08-27 21:21:47.jpg,input/s2f/trainB/resized124.jpg
input/s2f/trainA/2012-08-28 18:56:26.jpg,input/s2f/trainB/resized125.jpg
input/s2f/trainA/2012-08-28 19:20:03.jpg,input/s2f/trainB/resized126.jpg
input/s2f/trainA/2012-08-30 11:22:56.jpg,input/s2f/trainB/resized127.jpg
input/s2f/trainA/2012-08-31 01:10:02.jpg,input/s2f/trainB/resized128.jpg
input/s2f/trainA/2012-09-02 10:57:09.jpg,input/s2f/trainB/resized129.jpg
input/s2f/trainA/2012-09-02 19:48:04.jpg,input/s2f/trainB/resized130.jpg
input/s2f/trainA/2012-09-03 23:19:59.jpg,input/s2f/trainB/resized131.jpg
input/s2f/trainA/2012-09-06 08:33:54.jpg,input/s2f/trainB/resized132.jpg
input/s2f/trainA/2012-09-06 14:53:33.jpg,input/s2f/trainB/resized133.jpg
input/s2f/trainA/2012-09-07 13:27:54.jpg,input/s2f/trainB/resized134.jpg
input/s2f/trainA/2012-09-08 17:57:28.jpg,input/s2f/trainB/resized135.jpg
input/s2f/trainA/2012-09-10 00:02:07.jpg,input/s2f/trainB/resized136.jpg
input/s2f/trainA/2012-09-10 12:33:05.jpg,input/s2f/trainB/resized137.jpg
input/s2f/trainA/2012-09-11 02:37:06.jpg,input/s2f/trainB/resized138.jpg
input/s2f/trainA/2012-09-12 18:14:59.jpg,input/s2f/trainB/resized105.jpg
input/s2f/trainA/2012-09-12 18:18:03.jpg,input/s2f/trainB/resized106.jpg
input/s2f/trainA/2012-09-13 18:01:33.jpg,input/s2f/trainB/resized107.jpg
input/s2f/trainA/2012-09-14 22:41:04.jpg,input/s2f/trainB/resized108.jpg
input/s2f/trainA/2012-09-15 12:38:09.jpg,input/s2f/trainB/resized109.jpg
input/s2f/trainA/2012-09-17 20:49:25.jpg,input/s2f/trainB/resized110.jpg
input/s2f/trainA/2012-09-26 22:01:57.jpg,input/s2f/trainB/resized111.jpg
input/s2f/trainA/2016-07-17 10:33:08.jpg,input/s2f/trainB/resized112.jpg
input/s2f/trainA/2016-07-17 21:31:42.jpg,input/s2f/trainB/resized113.jpg
input/s2f/trainA/2016-07-17 22:01:49.jpg,input/s2f/trainB/resized114.jpg
input/s2f/trainA/2016-07-18 10:53:05.jpg,input/s2f/trainB/resized117.jpg
input/s2f/trainA/2016-07-18 18:43:28.jpg,input/s2f/trainB/resized118.jpg
input/s2f/trainA/2016-07-18 21:47:23.jpg,input/s2f/trainB/resized119.jpg
input/s2f/trainA/2016-07-20 11:28:33.jpg,input/s2f/trainB/resized120.jpg
input/s2f/trainA/2016-07-20 22:34:43.jpg,input/s2f/trainB/resized230.jpg
input/s2f/trainA/2016-07-21 20:06:32.jpg,input/s2f/trainB/resized231.jpg
input/s2f/trainA/2016-07-23 02:48:36.jpg,input/s2f/trainB/resized232.jpg
input/s2f/trainA/2016-07-23 03:37:33.jpg,input/s2f/trainB/resized234.jpg
input/s2f/trainA/2016-07-23 13:18:05.jpg,input/s2f/trainB/resized236.jpg
input/s2f/trainA/2016-07-26 09:44:43.jpg,input/s2f/trainB/resized240.jpg
input/s2f/trainA/2016-07-26 16:21:38.jpg,input/s2f/trainB/resized242.jpg
input/s2f/trainA/2016-07-26 22:27:19.jpg,input/s2f/trainB/resized243.jpg
input/s2f/trainA/2016-07-27 04:00:04.jpg,input/s2f/trainB/resized246.jpg
input/s2f/trainA/2016-08-22 23:28:45.jpg,input/s2f/trainB/resized253.jpg
input/s2f/trainA/2016-08-23 22:43:57.jpg,input/s2f/trainB/resized254.jpg
input/s2f/trainA/2016-08-24 01:11:56.jpg,input/s2f/trainB/resized255.jpg
input/s2f/trainA/2016-08-24 16:43:58.jpg,input/s2f/trainB/resized256.jpg
input/s2f/trainA/2016-08-24 22:48:35.jpg,input/s2f/trainB/resized257.jpg
input/s2f/trainA/2016-08-25 13:36:17.jpg,input/s2f/trainB/resized258.jpg
input/s2f/trainA/2016-08-28 20:55:57.jpg,input/s2f/trainB/resized259.jpg
input/s2f/trainA/2016-08-29 10:23:47.jpg,input/s2f/trainB/resized261.jpg
input/s2f/trainA/2016-08-29 18:31:46.jpg,input/s2f/trainB/resized262.jpg
input/s2f/trainA/2016-08-29 19:38:06.jpg,input/s2f/trainB/resized263.jpg
input/s2f/trainA/2016-08-30 02:06:35.jpg,input/s2f/trainB/resized264.jpg
input/s2f/trainA/2016-08-30 04:09:02.jpg,input/s2f/trainB/resized265.jpg
input/s2f/trainA/2016-08-31 22:47:05.jpg,input/s2f/trainB/resized266.jpg
input/s2f/trainA/2016-09-04 23:49:32.jpg,input/s2f/trainB/resized267.jpg
input/s2f/trainA/2016-09-05 10:43:55.jpg,input/s2f/trainB/resized268.jpg
input/s2f/trainA/2015-07-04 20:55:17.jpg,input/s2f/trainB/resized270.jpg
input/s2f/trainA/2015-07-05 08:23:14.jpg,input/s2f/trainB/resized271.jpg
input/s2f/trainA/2015-07-05 17:31:57.jpg,input/s2f/trainB/resized272.jpg
input/s2f/trainA/2015-07-06 02:19:05.jpg,input/s2f/trainB/resized273.jpg
input/s2f/trainA/2015-07-06 10:53:44.jpg,input/s2f/trainB/resized274.jpg
input/s2f/trainA/2015-07-06 20:03:53.jpg,input/s2f/trainB/resized275.jpg
input/s2f/trainA/2015-07-07 07:13:05.jpg,input/s2f/trainB/resized276.jpg
input/s2f/trainA/2015-07-07 13:29:22.jpg,input/s2f/trainB/resized278.jpg
input/s2f/trainA/2015-07-08 03:55:25.jpg,input/s2f/trainB/resized279.jpg
input/s2f/trainA/2015-07-08 19:36:38.jpg,input/s2f/trainB/resized284.jpg
input/s2f/trainA/2015-07-09 09:49:16.jpg,input/s2f/trainB/resized286.jpg
input/s2f/trainA/2015-07-10 08:24:46.jpg,input/s2f/trainB/resized289.jpg
input/s2f/trainA/2015-07-10 13:15:18.jpg,input/s2f/trainB/resized290.jpg
input/s2f/trainA/2015-07-11 20:31:28.jpg,input/s2f/trainB/resized291.jpg
input/s2f/trainA/2015-07-12 14:23:43.jpg,input/s2f/trainB/resized292.jpg
input/s2f/trainA/2015-07-12 16:20:15.jpg,input/s2f/trainB/resized296.jpg
input/s2f/trainA/2015-07-12 18:56:43.jpg,input/s2f/trainB/resized297.jpg
input/s2f/trainA/2015-07-12 20:08:05.jpg,input/s2f/trainB/resized298.jpg
input/s2f/trainA/2015-07-12 20:23:26.jpg,input/s2f/trainB/resized361.jpg
input/s2f/trainA/2015-07-13 06:02:24.jpg,input/s2f/trainB/resized363.jpg
input/s2f/trainA/2015-07-13 12:46:24.jpg,input/s2f/trainB/resized364.jpg
input/s2f/trainA/2015-07-13 21:23:36.jpg,input/s2f/trainB/resized368.jpg
input/s2f/trainA/2015-07-14 17:40:16.jpg,input/s2f/trainB/resized372.jpg
input/s2f/trainA/2015-07-15 00:19:32.jpg,input/s2f/trainB/resized378.jpg
input/s2f/trainA/2013-08-19 03:41:52.jpg,input/s2f/trainB/resized380.jpg
input/s2f/trainA/2013-08-19 15:21:44.jpg,input/s2f/trainB/resized381.jpg
input/s2f/trainA/2013-08-19 17:50:47.jpg,input/s2f/trainB/resized386.jpg
input/s2f/trainA/2013-08-20 17:13:33.jpg,input/s2f/trainB/resized032.jpg
input/s2f/trainA/2013-08-21 08:03:04.jpg,input/s2f/trainB/resized0325.jpg
input/s2f/trainA/2013-08-21 18:38:46.jpg,input/s2f/trainB/resized0328.jpg
input/s2f/trainA/2013-08-24 05:57:27.jpg,input/s2f/trainB/resized0329.jpg
input/s2f/trainA/2013-08-24 17:02:16.jpg,input/s2f/trainB/resized0332.jpg
input/s2f/trainA/2013-08-24 19:50:24.jpg,input/s2f/trainB/resized0333.jpg
input/s2f/trainA/2013-08-25 12:27:25.jpg,input/s2f/trainB/resized0338.jpg
input/s2f/trainA/2013-08-25 13:40:59.jpg,input/s2f/trainB/resized034.jpg
input/s2f/trainA/2013-08-25 19:36:23.jpg,input/s2f/trainB/resized0342.jpg
input/s2f/trainA/2013-08-26 01:13:38.jpg,input/s2f/trainB/resized0344.jpg
input/s2f/trainA/2013-08-27 20:04:35.jpg,input/s2f/trainB/resized0347.jpg
input/s2f/trainA/2013-08-30 09:31:33.jpg,input/s2f/trainB/resized0348.jpg
input/s2f/trainA/2013-08-31 12:35:54.jpg,input/s2f/trainB/resized0349.jpg
input/s2f/trainA/2013-09-01 10:07:09.jpg,input/s2f/trainB/resized0378.jpg
input/s2f/trainA/2013-09-01 10:57:15.jpg,input/s2f/trainB/resiz0018.jpg
input/s2f/trainA/2013-09-01 11:43:59.jpg,input/s2f/trainB/resiz0019.jpg
input/s2f/trainA/2013-09-02 13:12:13.jpg,input/s2f/trainB/resiz0020.jpg
input/s2f/trainA/2013-09-02 21:17:26.jpg,input/s2f/trainB/resiz0021.jpg
input/s2f/trainA/2013-09-04 14:58:35.jpg,input/s2f/trainB/resiz0022.jpg
input/s2f/trainA/2013-09-05 16:26:57.jpg,input/s2f/trainB/resiz0023.jpg
input/s2f/trainA/2013-09-06 21:55:22.jpg,input/s2f/trainB/resiz0024.jpg
input/s2f/trainA/2013-09-07 17:01:07.jpg,input/s2f/trainB/resiz0025.jpg
input/s2f/trainA/2013-09-08 19:48:29.jpg,input/s2f/trainB/resiz0026.jpg
input/s2f/trainA/2015-05-23 17:05:48.jpg,input/s2f/trainB/resiz0027.jpg
input/s2f/trainA/2015-05-23 23:58:46.jpg,input/s2f/trainB/resiz0028.jpg
input/s2f/trainA/2015-05-25 09:34:22.jpg,input/s2f/trainB/resiz0029.jpg
input/s2f/trainA/2015-05-30 13:31:57.jpg,input/s2f/trainB/resiz0030.jpg
input/s2f/trainA/2015-05-31 21:05:47.jpg,input/s2f/trainB/resiz0031.jpg
input/s2f/trainA/2015-06-01 21:50:37.jpg,input/s2f/trainB/resiz0032.jpg
input/s2f/trainA/2015-06-02 13:24:38.jpg,input/s2f/trainB/resiz0033.jpg
input/s2f/trainA/2015-06-04 09:08:25.jpg,input/s2f/trainB/resiz0034.jpg
input/s2f/trainA/2015-06-04 16:36:59.jpg,input/s2f/trainB/resized0406.jpg
input/s2f/trainA/2015-06-05 17:02:39.jpg,input/s2f/trainB/resized0414.jpg
input/s2f/trainA/2015-06-05 21:45:04.jpg,input/s2f/trainB/resized0420.jpg
input/s2f/trainA/2015-06-06 05:45:57.jpg,input/s2f/trainB/resized0421.jpg
input/s2f/trainA/2015-06-06 12:58:59.jpg,input/s2f/trainB/resized0423.jpg
input/s2f/trainA/2015-06-06 17:07:35.jpg,input/s2f/trainB/resized0424.jpg
input/s2f/trainA/2015-06-06 17:43:33.jpg,input/s2f/trainB/resized0426.jpg
input/s2f/trainA/2015-06-06 19:40:22.jpg,input/s2f/trainB/resized0427.jpg
input/s2f/trainA/2015-06-07 01:03:27.jpg,input/s2f/trainB/resized0428.jpg
input/s2f/trainA/2015-06-07 16:55:27.jpg,input/s2f/trainB/resized0429.jpg
input/s2f/trainA/2015-06-08 02:19:32.jpg,input/s2f/trainB/resized0430.jpg
input/s2f/trainA/2015-06-08 09:04:57.jpg,input/s2f/trainB/resized0432.jpg
input/s2f/trainA/2015-06-09 16:05:38.jpg,input/s2f/trainB/resized0434.jpg
input/s2f/trainA/2015-06-10 18:31:29.jpg,input/s2f/trainB/resized0436.jpg
input/s2f/trainA/2015-06-10 22:52:08.jpg,input/s2f/trainB/resized0438.jpg
input/s2f/trainA/2015-06-10 23:35:46.jpg,input/s2f/trainB/resized0439.jpg
input/s2f/trainA/2015-06-11 06:24:54.jpg,input/s2f/trainB/resized0445.jpg
input/s2f/trainA/2011-09-09 16:47:42.jpg,input/s2f/trainB/resized0446.jpg
input/s2f/trainA/2011-09-10 08:31:54.jpg,input/s2f/trainB/resiz0036.jpg
input/s2f/trainA/2011-09-11 12:13:34.jpg,input/s2f/trainB/resiz0037.jpg
input/s2f/trainA/2011-09-11 12:38:47.jpg,input/s2f/trainB/resiz0038.jpg
input/s2f/trainA/2011-09-12 15:24:14.jpg,input/s2f/trainB/resiz0039.jpg
input/s2f/trainA/2011-09-12 19:17:33.jpg,input/s2f/trainB/resiz0040.jpg
input/s2f/trainA/2011-09-13 06:57:02.jpg,input/s2f/trainB/resiz0041.jpg
input/s2f/trainA/2011-09-13 14:15:54.jpg,input/s2f/trainB/resiz0042.jpg
input/s2f/trainA/2011-09-14 22:23:18.jpg,input/s2f/trainB/resiz0043.jpg
input/s2f/trainA/2011-09-14 23:32:35.jpg,input/s2f/trainB/resiz0044.jpg
input/s2f/trainA/2011-09-15 06:35:17.jpg,input/s2f/trainB/resiz0045.jpg
input/s2f/trainA/2011-09-22 20:18:38.jpg,input/s2f/trainB/resiz0046.jpg
input/s2f/trainA/2011-10-10 17:35:05.jpg,input/s2f/trainB/resiz0047.jpg
input/s2f/trainA/2011-10-10 21:54:58.jpg,input/s2f/trainB/resiz0048.jpg
input/s2f/trainA/2011-11-03 15:48:37.jpg,input/s2f/trainB/resiz0049.jpg
input/s2f/trainA/2011-11-17 12:11:35.jpg,input/s2f/trainB/resiz0050.jpg
input/s2f/trainA/2016-07-28 07:13:55.jpg,input/s2f/trainB/resiz0051.jpg
input/s2f/trainA/2016-07-28 19:07:24.jpg,input/s2f/trainB/resiz0052.jpg
input/s2f/trainA/2016-07-29 23:00:19.jpg,input/s2f/trainB/resiz0054.jpg
input/s2f/trainA/2016-07-30 03:40:16.jpg,input/s2f/trainB/resiz0055.jpg
input/s2f/trainA/2016-07-30 08:15:54.jpg,input/s2f/trainB/resiz0056.jpg
input/s2f/trainA/2016-07-30 20:20:17.jpg,input/s2f/trainB/resiz0057.jpg
input/s2f/trainA/2016-07-31 06:00:29.jpg,input/s2f/trainB/resiz0058.jpg
input/s2f/trainA/2016-07-31 17:04:34.jpg,input/s2f/trainB/resiz0059.jpg
input/s2f/trainA/2016-08-01 05:15:03.jpg,input/s2f/trainB/resiz0060.jpg
input/s2f/trainA/2016-08-01 22:53:25.jpg,input/s2f/trainB/resiz0061.jpg
input/s2f/trainA/2016-08-02 12:45:58.jpg,input/s2f/trainB/resiz0062.jpg
input/s2f/trainA/2016-08-02 17:59:22.jpg,input/s2f/trainB/resiz0063.jpg
input/s2f/trainA/2016-08-02 19:50:33.jpg,input/s2f/trainB/resiz0064.jpg
input/s2f/trainA/2016-08-03 19:26:22.jpg,input/s2f/trainB/resiz0065.jpg
input/s2f/trainA/2016-08-04 11:30:32.jpg,input/s2f/trainB/resiz0066.jpg
input/s2f/trainA/2016-08-04 16:46:47.jpg,input/s2f/trainB/resiz0067.jpg
input/s2f/trainA/2016-07-07 03:49:26.jpg,input/s2f/trainB/resiz0068.jpg
input/s2f/trainA/2016-07-07 10:01:46.jpg,input/s2f/trainB/resiz0069.jpg
input/s2f/trainA/2016-07-07 16:59:53.jpg,input/s2f/trainB/resiz0070.jpg
input/s2f/trainA/2016-07-07 17:59:33.jpg,input/s2f/trainB/resized0481.jpg
input/s2f/trainA/2016-07-08 04:09:24.jpg,input/s2f/trainB/resized0482.jpg
input/s2f/trainA/2016-07-09 13:15:54.jpg,input/s2f/trainB/resized0485.jpg
input/s2f/trainA/2016-07-09 14:35:06.jpg,input/s2f/trainB/resized0487.jpg
input/s2f/trainA/2016-07-12 13:57:26.jpg,input/s2f/trainB/resized0489.jpg
input/s2f/trainA/2016-07-12 21:47:54.jpg,input/s2f/trainB/resized0490.jpg
input/s2f/trainA/2016-07-13 06:49:46.jpg,input/s2f/trainB/resized0491.jpg
input/s2f/trainA/2016-07-13 10:47:28.jpg,input/s2f/trainB/resized0525.jpg
input/s2f/trainA/2016-07-14 20:09:54.jpg,input/s2f/trainB/resized0548.jpg
input/s2f/trainA/2016-07-15 10:41:53.jpg,input/s2f/trainB/resized0550.jpg
input/s2f/trainA/2016-07-15 19:29:29.jpg,input/s2f/trainB/resized0553.jpg
input/s2f/trainA/2016-07-16 08:13:48.jpg,input/s2f/trainB/resized0554.jpg
